/*
SQLyog Community Edition- MySQL GUI v8.05 
MySQL - 5.5.24-log : Database - lavacar
*********************************************************************
*/

/*!40101 SET NAMES utf8 */;

/*!40101 SET SQL_MODE=''*/;

/*!40014 SET @OLD_FOREIGN_KEY_CHECKS=@@FOREIGN_KEY_CHECKS, FOREIGN_KEY_CHECKS=0 */;
/*!40101 SET @OLD_SQL_MODE=@@SQL_MODE, SQL_MODE='NO_AUTO_VALUE_ON_ZERO' */;

USE `lavacar`;

/*Table structure for table `administrador` */

DROP TABLE IF EXISTS `administrador`;

CREATE TABLE `administrador` (
  `apellidos` varchar(255) DEFAULT NULL,
  `ciudad` varchar(255) DEFAULT NULL,
  `direccion` varchar(255) DEFAULT NULL,
  `fechaNacimiento` date DEFAULT NULL,
  `identificacion` varchar(255) DEFAULT NULL,
  `nombres` varchar(255) DEFAULT NULL,
  `telefono` varchar(255) DEFAULT NULL,
  `ID` bigint(20) NOT NULL,
  PRIMARY KEY (`ID`),
  KEY `FK8BEB69D21173D2B` (`ID`),
  CONSTRAINT `FK8BEB69D21173D2B` FOREIGN KEY (`ID`) REFERENCES `usuario` (`ID`)
) ENGINE=InnoDB DEFAULT CHARSET=latin1;

/*Data for the table `administrador` */

insert  into `administrador`(`apellidos`,`ciudad`,`direccion`,`fechaNacimiento`,`identificacion`,`nombres`,`telefono`,`ID`) values ('lambraño garcia','cartagena','sknkfc','2014-10-04','128443','juan miguel','9849834',1),('Castro Lora','Cartagena','Blsdeezo M1 Lote 17  etapa 3','1991-10-22','1143324429','Luis Guillermo','3145012507',13);

/*Table structure for table `automovil` */

DROP TABLE IF EXISTS `automovil`;

CREATE TABLE `automovil` (
  `id` bigint(20) NOT NULL AUTO_INCREMENT,
  `ciudad` varchar(255) DEFAULT NULL,
  `color` varchar(255) DEFAULT NULL,
  `estadoLavado` varchar(255) DEFAULT NULL,
  `modelo` int(11) NOT NULL,
  `placa` varchar(255) DEFAULT NULL,
  `version` varchar(255) DEFAULT NULL,
  `propietario_ID` bigint(20) DEFAULT NULL,
  `tipoAutomovil_id` bigint(20) DEFAULT NULL,
  `tipoServicio_id` bigint(20) DEFAULT NULL,
  `marca_codigo` int(11) DEFAULT NULL,
  `numeroPuertas` varchar(255) DEFAULT NULL,
  `sistema` varchar(255) DEFAULT NULL,
  `sistemaCombustible` varchar(255) DEFAULT NULL,
  PRIMARY KEY (`id`),
  KEY `FKDB3AB6C8589D8E1C` (`propietario_ID`),
  KEY `FKDB3AB6C8B2E4E1F8` (`tipoServicio_id`),
  KEY `FKDB3AB6C8E7C4007C` (`tipoAutomovil_id`),
  KEY `FKDB3AB6C8A071519A` (`marca_codigo`),
  CONSTRAINT `FKDB3AB6C8589D8E1C` FOREIGN KEY (`propietario_ID`) REFERENCES `propietario` (`ID`),
  CONSTRAINT `FKDB3AB6C8A071519A` FOREIGN KEY (`marca_codigo`) REFERENCES `marca` (`codigo`),
  CONSTRAINT `FKDB3AB6C8B2E4E1F8` FOREIGN KEY (`tipoServicio_id`) REFERENCES `tiposervicio` (`id`),
  CONSTRAINT `FKDB3AB6C8E7C4007C` FOREIGN KEY (`tipoAutomovil_id`) REFERENCES `tipoautomovil` (`id`)
) ENGINE=InnoDB AUTO_INCREMENT=84 DEFAULT CHARSET=latin1;

/*Data for the table `automovil` */

insert  into `automovil`(`id`,`ciudad`,`color`,`estadoLavado`,`modelo`,`placa`,`version`,`propietario_ID`,`tipoAutomovil_id`,`tipoServicio_id`,`marca_codigo`,`numeroPuertas`,`sistema`,`sistemaCombustible`) values (1,'CARTAGENA','BLANCO','LIBRE',2007,'KFS-379',NULL,NULL,NULL,NULL,36,NULL,NULL,NULL),(2,'CARTAGENA','BLANCO','LIBRE',2008,'KFS-665',NULL,NULL,NULL,NULL,1,NULL,NULL,NULL),(3,'CARTAGENA','BLANCO','LIBRE',2011,'KFS-312',NULL,NULL,NULL,NULL,4,NULL,NULL,NULL),(4,'CARTAGENA','BLANCO','LIBRE',2009,'KFS-693',NULL,NULL,NULL,NULL,35,NULL,NULL,NULL),(5,'CARTAGENA','BLANCO','LIBRE',2010,'KFS-523',NULL,NULL,NULL,NULL,34,NULL,NULL,NULL),(6,'CARTAGENA','BLANCO','LIBRE',2010,'KFS-652',NULL,NULL,NULL,NULL,33,NULL,NULL,NULL),(7,'CARTAGENA','000000','LIBRE',2010,'KFS-779',NULL,NULL,1,NULL,1,NULL,NULL,NULL),(8,'CARTAGENA','GRIS','LIBRE',2007,'KFS-331',NULL,NULL,NULL,NULL,31,NULL,NULL,NULL),(9,'CARTAGENA','GRIS','LIBRE',2007,'KFS-865',NULL,NULL,NULL,NULL,37,NULL,NULL,NULL),(10,'CARTAGENA','GRIS','LIBRE',2010,'KFS-557',NULL,NULL,NULL,NULL,4,NULL,NULL,NULL),(11,'CARTAGENA','GRIS','LIBRE',2008,'KFS-945',NULL,NULL,NULL,NULL,36,NULL,NULL,NULL),(12,'CARTAGENA','NEGRO','LIBRE',2005,'KFS-338',NULL,NULL,1,NULL,1,NULL,NULL,NULL),(13,'CARTAGENA','NEGRO','LIBRE',2002,'KFS-355',NULL,NULL,NULL,NULL,38,NULL,NULL,NULL),(14,'CARTAGENA','ROJO','LIBRE',2005,'KFS-724',NULL,NULL,NULL,NULL,4,NULL,NULL,NULL),(15,'CARTAGENA','ROJO','LIBRE',2012,'KFS-120',NULL,NULL,NULL,NULL,30,NULL,NULL,NULL),(16,'CARTAGENA','ROJO','LIBRE',2008,'KFS-563',NULL,NULL,NULL,NULL,35,NULL,NULL,NULL),(17,'CARTAGENA','ROJO','LIBRE',2005,'KFS-935',NULL,NULL,NULL,NULL,34,NULL,NULL,NULL),(18,'CARTAGENA','AZUL','LIBRE',2003,'KFS-639',NULL,NULL,NULL,NULL,33,NULL,NULL,NULL),(19,'CARTAGENA','AMARILLO','LIBRE',2005,'KFS-749',NULL,NULL,NULL,NULL,37,NULL,NULL,NULL),(20,'CARTAGENA','AMARILLO','LIBRE',2008,'KFS-283',NULL,NULL,NULL,NULL,30,NULL,NULL,NULL),(21,'CARTAGENA','AMARILLO','LIBRE',2006,'KFS-926',NULL,NULL,NULL,NULL,29,NULL,NULL,NULL),(22,'CARTAGENA','BLANCO','LIBRE',2005,'KFS-240',NULL,NULL,NULL,NULL,31,NULL,NULL,NULL),(23,'CARTAGENA','BLANCO','LIBRE',2012,'KFS-115',NULL,NULL,NULL,NULL,28,NULL,NULL,NULL),(24,'CARTAGENA','BLANCO','LIBRE',2014,'KFS-130',NULL,NULL,NULL,NULL,27,NULL,NULL,NULL),(25,'CARTAGENA','BLANCO','LIBRE',2005,'KFS-398',NULL,NULL,NULL,NULL,10,NULL,NULL,NULL),(26,'CARTAGENA','BLANCO','LIBRE',2002,'KFS-833',NULL,NULL,NULL,NULL,26,NULL,NULL,NULL),(27,'CARTAGENA','BLANCO','LIBRE',2010,'KFS-696',NULL,NULL,NULL,NULL,9,NULL,NULL,NULL),(28,'CARTAGENA','BLANCO','LIBRE',2008,'KFS-942',NULL,NULL,NULL,NULL,26,NULL,NULL,NULL),(29,'CARTAGENA','NEGRO','LIBRE',2011,'KFS-492',NULL,NULL,NULL,NULL,13,NULL,NULL,NULL),(30,'CARTAGENA','NEGRO','LIBRE',2008,'KFS-455',NULL,NULL,NULL,NULL,7,NULL,NULL,NULL),(31,'CARTAGENA','ROJO','LIBRE',2004,'KFS-683',NULL,NULL,NULL,NULL,8,NULL,NULL,NULL),(32,'CARTAGENA','ROJO','LIBRE',2012,'KFS-658',NULL,NULL,NULL,NULL,10,NULL,NULL,NULL),(33,'CARTAGENA','ROJO','LIBRE',2014,'KFS-716',NULL,NULL,NULL,NULL,13,NULL,NULL,NULL),(34,'CARTAGENA','ROJO','LIBRE',2004,'KFS-842',NULL,NULL,NULL,NULL,6,NULL,NULL,NULL),(35,'CARTAGENA','AZUL','LIBRE',2012,'KFS-845',NULL,NULL,NULL,NULL,8,NULL,NULL,NULL),(36,'CARTAGENA','GRIS','LIBRE',2010,'KFS-327',NULL,NULL,NULL,NULL,13,NULL,NULL,NULL),(37,'CARTAGENA','GRIS','LIBRE',2005,'KFS-173',NULL,NULL,NULL,NULL,10,NULL,NULL,NULL),(38,'CARTAGENA','GRIS','LIBRE',2013,'KFS-528',NULL,NULL,NULL,NULL,11,NULL,NULL,NULL),(39,'CARTAGENA','ROJO','LIBRE',2004,'KFS-540',NULL,NULL,NULL,NULL,24,NULL,NULL,NULL),(40,'CARTAGENA','ROJO','LIBRE',2003,'KFS-397',NULL,NULL,NULL,NULL,7,NULL,NULL,NULL),(41,'CARTAGENA','ROJO','LIBRE',2008,'KFS-891',NULL,NULL,NULL,NULL,25,NULL,NULL,NULL),(42,'CARTAGENA','AMARILLO','LIBRE',2009,'KFS-314',NULL,NULL,NULL,NULL,7,NULL,NULL,NULL),(43,'CARTAGENA','NEGRO','LIBRE',2003,'KFS-118',NULL,NULL,NULL,NULL,24,NULL,NULL,NULL),(44,'CARTAGENA','NEGRO','LIBRE',2013,'KFS-946',NULL,NULL,NULL,NULL,25,NULL,NULL,NULL),(45,'CARTAGENA','AMARILLO','LIBRE',2002,'KFS-904',NULL,NULL,NULL,NULL,11,NULL,NULL,NULL),(46,'CARTAGENA','AZUL','LIBRE',2009,'KFS-842',NULL,NULL,NULL,NULL,19,NULL,NULL,NULL),(47,'CARTAGENA','NEGRO','LIBRE',2009,'KFS-569',NULL,NULL,NULL,NULL,6,NULL,NULL,NULL),(48,'CARTAGENA','NEGRO','LIBRE',2007,'KFS-132',NULL,NULL,NULL,NULL,11,NULL,NULL,NULL),(49,'CARTAGENA','BLANCO','LIBRE',2005,'KFS-690',NULL,NULL,NULL,NULL,18,NULL,NULL,NULL),(50,'CARTAGENA','BLANCO','LIBRE',2014,'KFS-656',NULL,NULL,NULL,NULL,14,NULL,NULL,NULL),(51,'CARTAGENA','BLANCO','LIBRE',2007,'KFS-673',NULL,NULL,NULL,NULL,6,NULL,NULL,NULL),(52,'CARTAGENA','BLANCO','LIBRE',2004,'KFS-483',NULL,NULL,NULL,NULL,14,NULL,NULL,NULL),(53,'CARTAGENA','BLANCO','LIBRE',2011,'KFS-234',NULL,NULL,NULL,NULL,10,NULL,NULL,NULL),(54,'CARTAGENA','AMARILLO','LIBRE',2012,'KFS-456',NULL,NULL,NULL,NULL,19,NULL,NULL,NULL),(55,'CARTAGENA','AMARILLO','LIBRE',2009,'KFS-322',NULL,NULL,NULL,NULL,4,NULL,NULL,NULL),(56,'CARTAGENA','GRIS','LIBRE',2014,'KFS-934',NULL,NULL,NULL,NULL,12,NULL,NULL,NULL),(57,'CARTAGENA','GRIS','LIBRE',2005,'KFS-400',NULL,NULL,NULL,NULL,6,NULL,NULL,NULL),(58,'CARTAGENA','GRIS','LIBRE',2007,'KFS-849',NULL,NULL,NULL,NULL,14,NULL,NULL,NULL),(59,'CARTAGENA','AZUL','LIBRE',2012,'KFS-270',NULL,NULL,NULL,NULL,20,NULL,NULL,NULL),(60,'CARTAGENA','AMARILLO','LIBRE',2009,'KFS-267',NULL,NULL,NULL,NULL,12,NULL,NULL,NULL),(61,'CARTAGENA','ROJO','LIBRE',2012,'KFS-523',NULL,NULL,NULL,NULL,20,NULL,NULL,NULL),(62,'CARTAGENA','ROJO','LIBRE',2006,'KFS-225',NULL,NULL,NULL,NULL,22,NULL,NULL,NULL),(63,'CARTAGENA','ROJO','LIBRE',2005,'KFS-158',NULL,NULL,NULL,NULL,12,NULL,NULL,NULL),(64,'CARTAGENA','VERDE','LIBRE',2002,'KFS-204',NULL,NULL,NULL,NULL,21,NULL,NULL,NULL),(65,'CARTAGENA','AZUL','LIBRE',2010,'KFS-949',NULL,NULL,NULL,NULL,8,NULL,NULL,NULL),(66,'CARTAGENA','NEGRO','LIBRE',2005,'KFS-828',NULL,NULL,NULL,NULL,21,NULL,NULL,NULL),(67,'CARTAGENA','NEGRO','LIBRE',2012,'KFS-434',NULL,NULL,NULL,NULL,9,NULL,NULL,NULL),(68,'CARTAGENA','GRIS','LIBRE',2003,'KFS-121',NULL,NULL,NULL,NULL,15,NULL,NULL,NULL),(69,'CARTAGENA','AMARILLO','LIBRE',2011,'KFS-569',NULL,NULL,NULL,NULL,17,NULL,NULL,NULL),(70,'CARTAGENA','AMARILLO','LIBRE',2008,'KFS-907',NULL,NULL,NULL,NULL,17,NULL,NULL,NULL),(71,'CARTAGENA','ROJO','LIBRE',2005,'KFS-629',NULL,NULL,NULL,NULL,15,NULL,NULL,NULL),(72,'CARTAGENA','ROJO','LIBRE',2013,'KFS-342',NULL,NULL,NULL,NULL,18,NULL,NULL,NULL),(73,'CARTAGENA','ROJO','LIBRE',2006,'KFS-902',NULL,NULL,NULL,NULL,22,NULL,NULL,NULL),(74,'CARTAGENA','ROJO','LIBRE',2009,'KFS-729',NULL,NULL,NULL,NULL,15,NULL,NULL,NULL),(75,'CARTAGENA','AZUL','LIBRE',2002,'KFS-261',NULL,NULL,NULL,NULL,23,NULL,NULL,NULL),(76,'CARTAGENA','AMARILLO','LIBRE',2008,'KFS-398',NULL,NULL,NULL,NULL,16,NULL,NULL,NULL),(77,'CARTAGENA','NEGRO','LIBRE',2011,'KFS-206',NULL,NULL,NULL,NULL,15,NULL,NULL,NULL),(78,'CARTAGENA','NEGRO','LIBRE',2012,'KFS-135',NULL,NULL,NULL,NULL,23,NULL,NULL,NULL),(79,'CARTAGENA','VERDE','LIBRE',2013,'KFS-185',NULL,NULL,NULL,NULL,16,NULL,NULL,NULL),(80,'13001','ebe8eb','LIBRE',2011,'KFS-672','ACCENT',6,1,2,19,'4','MANUAL',NULL),(82,'13001','','LIBRE',2012,'BVQ-574','CAPTIVA',6,17,2,26,'5','AUTOMATICA','Gasolina'),(83,'19100','########1a91d6','LIBRE',1999,'fry52','htu200',6,5,2,20,'2','AUTOMATICA','Gasolina');

/*Table structure for table `caracteristicasauto` */

DROP TABLE IF EXISTS `caracteristicasauto`;

CREATE TABLE `caracteristicasauto` (
  `id` bigint(20) NOT NULL,
  `baul` varchar(255) DEFAULT NULL,
  `capo` varchar(255) DEFAULT NULL,
  `coginDD` varchar(255) DEFAULT NULL,
  `coginDI` varchar(255) DEFAULT NULL,
  `coginT` varchar(255) DEFAULT NULL,
  `compuerta` varchar(255) DEFAULT NULL,
  `defensa` varchar(255) DEFAULT NULL,
  `guardabarrosDD` varchar(255) DEFAULT NULL,
  `guardabarrosDI` varchar(255) DEFAULT NULL,
  `guardabarrosTD` varchar(255) DEFAULT NULL,
  `guardabarrosTI` varchar(255) DEFAULT NULL,
  `limpiabrisasD` varchar(255) DEFAULT NULL,
  `limpiabrisasI` varchar(255) DEFAULT NULL,
  `lucesTD` varchar(255) DEFAULT NULL,
  `lucesTI` varchar(255) DEFAULT NULL,
  `luzdelanteraD` varchar(255) DEFAULT NULL,
  `luzdelanteraI` varchar(255) DEFAULT NULL,
  `luzindicadoraD` varchar(255) DEFAULT NULL,
  `luzindicadoraI` varchar(255) DEFAULT NULL,
  `parabrisas` varchar(255) DEFAULT NULL,
  `parrilla` varchar(255) DEFAULT NULL,
  `placa` varchar(255) DEFAULT NULL,
  `puertaTracera` varchar(255) DEFAULT NULL,
  `retrovisorD` varchar(255) DEFAULT NULL,
  `retrovisorI` varchar(255) DEFAULT NULL,
  `ruedaDD` varchar(255) DEFAULT NULL,
  `ruedaDI` varchar(255) DEFAULT NULL,
  `ruedaTD` varchar(255) DEFAULT NULL,
  `ruedaTI` varchar(255) DEFAULT NULL,
  `tablero` varchar(255) DEFAULT NULL,
  `tapaCubosDI` varchar(255) DEFAULT NULL,
  `tapaCubosTD` varchar(255) DEFAULT NULL,
  `tapaCubosTI` varchar(255) DEFAULT NULL,
  `tapacubosDD` varchar(255) DEFAULT NULL,
  `techo` varchar(255) DEFAULT NULL,
  `ventanillaDD` varchar(255) DEFAULT NULL,
  `ventanillaDI` varchar(255) DEFAULT NULL,
  `ventanillaT` varchar(255) DEFAULT NULL,
  `ventanillaTD` varchar(255) DEFAULT NULL,
  `ventanillaTI` varchar(255) DEFAULT NULL,
  `tipoauto_id` bigint(20) DEFAULT NULL,
  PRIMARY KEY (`id`),
  KEY `FKC1A8EBA1ACFB56D` (`tipoauto_id`),
  CONSTRAINT `FKC1A8EBA1ACFB56D` FOREIGN KEY (`tipoauto_id`) REFERENCES `tipoautomovil` (`id`)
) ENGINE=InnoDB DEFAULT CHARSET=latin1;

/*Data for the table `caracteristicasauto` */

/*Table structure for table `cliente` */

DROP TABLE IF EXISTS `cliente`;

CREATE TABLE `cliente` (
  `apellidos` varchar(255) DEFAULT NULL,
  `fechaNacimiento` varchar(255) DEFAULT NULL,
  `identificacion` varchar(255) DEFAULT NULL,
  `nombres` varchar(255) DEFAULT NULL,
  `telefono` varchar(255) DEFAULT NULL,
  `ID` bigint(20) NOT NULL,
  PRIMARY KEY (`ID`),
  KEY `FK96841DDA21173D2B` (`ID`),
  CONSTRAINT `FK96841DDA21173D2B` FOREIGN KEY (`ID`) REFERENCES `usuario` (`ID`)
) ENGINE=InnoDB DEFAULT CHARSET=latin1;

/*Data for the table `cliente` */

insert  into `cliente`(`apellidos`,`fechaNacimiento`,`identificacion`,`nombres`,`telefono`,`ID`) values ('MARTINEZ MORALES','1980-03-05','8834679','JULIO CESAR','3012534527',6);

/*Table structure for table `cubiculo` */

DROP TABLE IF EXISTS `cubiculo`;

CREATE TABLE `cubiculo` (
  `id` bigint(20) NOT NULL AUTO_INCREMENT,
  `ancho` double NOT NULL,
  `codigo` varchar(255) DEFAULT NULL,
  `estado` bit(1) NOT NULL,
  `estadoUtilizacion` varchar(255) DEFAULT NULL,
  `largo` double NOT NULL,
  `lavadero_ID` bigint(20) DEFAULT NULL,
  `tipoCubiculo_id` bigint(20) DEFAULT NULL,
  PRIMARY KEY (`id`),
  KEY `FKA59294E1551EC58` (`lavadero_ID`),
  KEY `FKA59294EB44062F8` (`tipoCubiculo_id`),
  CONSTRAINT `FKA59294E1551EC58` FOREIGN KEY (`lavadero_ID`) REFERENCES `lavadero` (`ID`),
  CONSTRAINT `FKA59294EB44062F8` FOREIGN KEY (`tipoCubiculo_id`) REFERENCES `tipocubiculo` (`id`)
) ENGINE=InnoDB AUTO_INCREMENT=6 DEFAULT CHARSET=latin1;

/*Data for the table `cubiculo` */

insert  into `cubiculo`(`id`,`ancho`,`codigo`,`estado`,`estadoUtilizacion`,`largo`,`lavadero_ID`,`tipoCubiculo_id`) values (1,231,'Rampa1','','Disponible',639,1,3),(2,274,'Rampa 2','','Disponible',715,1,2),(3,282,'Rampa 3','','Disponible',806,1,1),(4,279,'Gato1','','Disponible',710,1,5),(5,245,'Rampa4','','Disponible',643,1,2);

/*Table structure for table `entrega` */

DROP TABLE IF EXISTS `entrega`;

CREATE TABLE `entrega` (
  `id` bigint(20) NOT NULL,
  `fecha` date DEFAULT NULL,
  `hora` varchar(255) DEFAULT NULL,
  `automovil_id` bigint(20) DEFAULT NULL,
  `cliente_ID` bigint(20) DEFAULT NULL,
  `lavado_id` bigint(20) DEFAULT NULL,
  `lavador_ID` bigint(20) DEFAULT NULL,
  `programacion_id` bigint(20) DEFAULT NULL,
  `revision_id` bigint(20) DEFAULT NULL,
  PRIMARY KEY (`id`),
  KEY `FK45B0D9865AFF38` (`revision_id`),
  KEY `FK45B0D9813CC13C` (`lavador_ID`),
  KEY `FK45B0D98319654B8` (`lavado_id`),
  KEY `FK45B0D984101B51C` (`automovil_id`),
  KEY `FK45B0D989E0B345C` (`cliente_ID`),
  KEY `FK45B0D984A5516D8` (`programacion_id`),
  CONSTRAINT `FK45B0D9813CC13C` FOREIGN KEY (`lavador_ID`) REFERENCES `lavador` (`ID`),
  CONSTRAINT `FK45B0D98319654B8` FOREIGN KEY (`lavado_id`) REFERENCES `lavado` (`id`),
  CONSTRAINT `FK45B0D984101B51C` FOREIGN KEY (`automovil_id`) REFERENCES `automovil` (`id`),
  CONSTRAINT `FK45B0D984A5516D8` FOREIGN KEY (`programacion_id`) REFERENCES `programacion` (`id`),
  CONSTRAINT `FK45B0D9865AFF38` FOREIGN KEY (`revision_id`) REFERENCES `revision` (`id`),
  CONSTRAINT `FK45B0D989E0B345C` FOREIGN KEY (`cliente_ID`) REFERENCES `cliente` (`ID`)
) ENGINE=InnoDB DEFAULT CHARSET=latin1;

/*Data for the table `entrega` */

/*Table structure for table `especialidad` */

DROP TABLE IF EXISTS `especialidad`;

CREATE TABLE `especialidad` (
  `id` bigint(20) NOT NULL,
  `codigo` bigint(20) DEFAULT NULL,
  `descripcion` varchar(255) DEFAULT NULL,
  PRIMARY KEY (`id`)
) ENGINE=InnoDB DEFAULT CHARSET=latin1;

/*Data for the table `especialidad` */

insert  into `especialidad`(`id`,`codigo`,`descripcion`) values (1,1,'Enjuague'),(2,2,'Secado'),(3,3,'Aspirado'),(4,4,'Polichado'),(5,5,'Grafitado'),(6,6,'LavadoMotor'),(7,7,'Integral');

/*Table structure for table `etapalavado` */

DROP TABLE IF EXISTS `etapalavado`;

CREATE TABLE `etapalavado` (
  `id` bigint(20) NOT NULL AUTO_INCREMENT,
  `estado` varchar(255) DEFAULT NULL,
  `cubiculo_id` bigint(20) DEFAULT NULL,
  `fase_id` bigint(20) DEFAULT NULL,
  `lavado_id` bigint(20) DEFAULT NULL,
  `habilitada` bit(1) DEFAULT NULL,
  PRIMARY KEY (`id`),
  KEY `FK5D7E82ED8299A58` (`cubiculo_id`),
  KEY `FK5D7E82E319654B8` (`lavado_id`),
  KEY `FK5D7E82EA81D30F8` (`fase_id`),
  CONSTRAINT `FK5D7E82E319654B8` FOREIGN KEY (`lavado_id`) REFERENCES `lavado` (`id`),
  CONSTRAINT `FK5D7E82EA81D30F8` FOREIGN KEY (`fase_id`) REFERENCES `fase` (`id`),
  CONSTRAINT `FK5D7E82ED8299A58` FOREIGN KEY (`cubiculo_id`) REFERENCES `cubiculo` (`id`)
) ENGINE=InnoDB AUTO_INCREMENT=28 DEFAULT CHARSET=latin1;

/*Data for the table `etapalavado` */

insert  into `etapalavado`(`id`,`estado`,`cubiculo_id`,`fase_id`,`lavado_id`,`habilitada`) values (5,'Por iniciar',NULL,2,2,''),(6,'Por iniciar',NULL,3,2,'\0'),(7,'terminado',3,4,3,'\0'),(8,'terminado',1,5,3,''),(9,'terminado',NULL,6,3,'\0'),(10,'terminado',NULL,7,3,'\0'),(11,'terminado',NULL,8,3,'\0'),(25,'terminado',1,1,7,'\0'),(26,'terminado',1,2,7,'\0'),(27,'terminado',1,3,7,'\0');

/*Table structure for table `fase` */

DROP TABLE IF EXISTS `fase`;

CREATE TABLE `fase` (
  `id` bigint(20) NOT NULL AUTO_INCREMENT,
  `descripcion` varchar(255) DEFAULT NULL,
  `nombre` varchar(255) DEFAULT NULL,
  `porcentaje` double NOT NULL,
  `servicio_id` bigint(20) DEFAULT NULL,
  `posicion` int(11) DEFAULT NULL,
  PRIMARY KEY (`id`),
  KEY `FK214C6DD6CE1958` (`servicio_id`),
  CONSTRAINT `FK214C6DD6CE1958` FOREIGN KEY (`servicio_id`) REFERENCES `servicio` (`id`)
) ENGINE=InnoDB AUTO_INCREMENT=14 DEFAULT CHARSET=latin1;

/*Data for the table `fase` */

insert  into `fase`(`id`,`descripcion`,`nombre`,`porcentaje`,`servicio_id`,`posicion`) values (1,'enjuague inicial','Enjuague',0,1,1),(2,'jabonado de la parte exterior','Jabonado',0,1,2),(3,'secado del auto, limpieza de baul y partes interiores','Secado',0,1,3),(4,'xxxxxxxxxxx','Enjuague',0,2,1),(5,'xxxxxxxx','Jabonado',0,2,2),(6,'xxxxxxxxxxx','MotorEnSeco',0,2,3),(7,'xxxxxxxxxxxxxxxxxx','Secado',0,2,4),(8,'xcccccccccccc','Aspirado',0,2,5),(9,'engrazar la parte inferior del auto','Engrasado',0,3,1),(10,'enjuague del auto','Enjuague',0,3,2),(11,'jabonar el auto','Jabonado',0,3,3),(12,'enjuague final','Enjuague final',0,3,4),(13,'secado del auto','Secado',0,3,5);

/*Table structure for table `lavadero` */

DROP TABLE IF EXISTS `lavadero`;

CREATE TABLE `lavadero` (
  `ID` bigint(20) NOT NULL AUTO_INCREMENT,
  `ciudad` varchar(255) DEFAULT NULL,
  `corrdenadax` double NOT NULL,
  `corrdenaday` double NOT NULL,
  `direccion` varchar(255) DEFAULT NULL,
  `email` varchar(255) DEFAULT NULL,
  `estado` varchar(255) DEFAULT NULL,
  `nit` varchar(255) DEFAULT NULL,
  `nombre` varchar(255) DEFAULT NULL,
  `telefono` varchar(255) DEFAULT NULL,
  `administrador_ID` bigint(20) DEFAULT NULL,
  PRIMARY KEY (`ID`),
  KEY `FKB0F7857E3D8727FC` (`administrador_ID`),
  CONSTRAINT `FKB0F7857E3D8727FC` FOREIGN KEY (`administrador_ID`) REFERENCES `administrador` (`ID`)
) ENGINE=InnoDB AUTO_INCREMENT=4 DEFAULT CHARSET=latin1;

/*Data for the table `lavadero` */

insert  into `lavadero`(`ID`,`ciudad`,`corrdenadax`,`corrdenaday`,`direccion`,`email`,`estado`,`nit`,`nombre`,`telefono`,`administrador_ID`) values (1,'Cartagena',10.389142608776009,-75.48139184140626,'perimetral xxxxx','lavperimetral@hotmail.com','blue','8763824','WHAS & SHOP','987968',1),(2,'Cartagena',10.388697035646684,-75.48607386534673,'Balsdezo','sdasdas@gmail.com','blue','123123','AUTOLAVADO Y LUBRISERVICIOS BLASDELEZO','213123',13),(3,NULL,10.406518307282774,-75.51140488148576,'Barrio España','asdasd@hotmail.com','red',NULL,'AUTOLAVADO CARTAGENA','231',1);

/*Table structure for table `lavado` */

DROP TABLE IF EXISTS `lavado`;

CREATE TABLE `lavado` (
  `id` bigint(20) NOT NULL AUTO_INCREMENT,
  `horaSalida` varchar(20) DEFAULT NULL,
  `obsevaciones` varchar(255) DEFAULT NULL,
  `valor` double NOT NULL,
  `vistoBuenoAdministrador` bit(1) NOT NULL,
  `vistoBuenoCliente` int(11) NOT NULL,
  `administrador_ID` bigint(20) DEFAULT NULL,
  `entrega_id` bigint(20) DEFAULT NULL,
  `fecha` date DEFAULT NULL,
  `horaEntrada` varchar(255) DEFAULT NULL,
  `automovil_id` bigint(20) DEFAULT NULL,
  `cliente_ID` bigint(20) DEFAULT NULL,
  `lavador_ID` bigint(20) DEFAULT NULL,
  `programacion_id` bigint(20) DEFAULT NULL,
  `revision_id` bigint(20) DEFAULT NULL,
  `lavadero_ID` bigint(20) DEFAULT NULL,
  `estado` varchar(255) DEFAULT NULL,
  PRIMARY KEY (`id`),
  KEY `FK873E538B3347339C` (`entrega_id`),
  KEY `FK873E538B3D8727FC` (`administrador_ID`),
  KEY `FK873E538B65AFF38` (`revision_id`),
  KEY `FK873E538B13CC13C` (`lavador_ID`),
  KEY `FK873E538B4101B51C` (`automovil_id`),
  KEY `FK873E538B9E0B345C` (`cliente_ID`),
  KEY `FK873E538B4A5516D8` (`programacion_id`),
  KEY `FK873E538B1551EC58` (`lavadero_ID`),
  CONSTRAINT `FK873E538B13CC13C` FOREIGN KEY (`lavador_ID`) REFERENCES `lavador` (`ID`),
  CONSTRAINT `FK873E538B1551EC58` FOREIGN KEY (`lavadero_ID`) REFERENCES `lavadero` (`ID`),
  CONSTRAINT `FK873E538B3347339C` FOREIGN KEY (`entrega_id`) REFERENCES `entrega` (`id`),
  CONSTRAINT `FK873E538B3D8727FC` FOREIGN KEY (`administrador_ID`) REFERENCES `administrador` (`ID`),
  CONSTRAINT `FK873E538B4101B51C` FOREIGN KEY (`automovil_id`) REFERENCES `automovil` (`id`),
  CONSTRAINT `FK873E538B4A5516D8` FOREIGN KEY (`programacion_id`) REFERENCES `programacion` (`id`),
  CONSTRAINT `FK873E538B65AFF38` FOREIGN KEY (`revision_id`) REFERENCES `revision` (`id`),
  CONSTRAINT `FK873E538B9E0B345C` FOREIGN KEY (`cliente_ID`) REFERENCES `cliente` (`ID`)
) ENGINE=InnoDB AUTO_INCREMENT=8 DEFAULT CHARSET=latin1;

/*Data for the table `lavado` */

insert  into `lavado`(`id`,`horaSalida`,`obsevaciones`,`valor`,`vistoBuenoAdministrador`,`vistoBuenoCliente`,`administrador_ID`,`entrega_id`,`fecha`,`horaEntrada`,`automovil_id`,`cliente_ID`,`lavador_ID`,`programacion_id`,`revision_id`,`lavadero_ID`,`estado`) values (2,NULL,NULL,0,'\0',0,1,NULL,'2014-11-14','12:5',80,6,10,NULL,NULL,1,'iniciado'),(3,'11:52','Sin Novedades',12000,'',5,1,NULL,'2014-11-15','0:1',80,6,12,NULL,NULL,1,'enproceso'),(7,'10:46','Sin Novedades',10000,'',5,1,NULL,'2015-01-05','20:47',80,6,9,NULL,NULL,1,'terminado');

/*Table structure for table `lavador` */

DROP TABLE IF EXISTS `lavador`;

CREATE TABLE `lavador` (
  `apellidos` varchar(255) DEFAULT NULL,
  `direccion` varchar(255) DEFAULT NULL,
  `estadoLavadero` varchar(255) DEFAULT NULL,
  `fechaNacimiento` date DEFAULT NULL,
  `identificacion` varchar(255) DEFAULT NULL,
  `nombres` varchar(255) DEFAULT NULL,
  `reputacion` int(11) NOT NULL,
  `telefono` varchar(255) DEFAULT NULL,
  `ID` bigint(20) NOT NULL,
  `especialidad_id` bigint(20) DEFAULT NULL,
  `lavadero_ID` bigint(20) DEFAULT NULL,
  PRIMARY KEY (`ID`),
  KEY `FK608C1E47587C0CD8` (`especialidad_id`),
  KEY `FK608C1E4721173D2B` (`ID`),
  KEY `FK608C1E471551EC58` (`lavadero_ID`),
  CONSTRAINT `FK608C1E471551EC58` FOREIGN KEY (`lavadero_ID`) REFERENCES `lavadero` (`ID`),
  CONSTRAINT `FK608C1E4721173D2B` FOREIGN KEY (`ID`) REFERENCES `usuario` (`ID`),
  CONSTRAINT `FK608C1E47587C0CD8` FOREIGN KEY (`especialidad_id`) REFERENCES `especialidad` (`id`)
) ENGINE=InnoDB DEFAULT CHARSET=latin1;

/*Data for the table `lavador` */

insert  into `lavador`(`apellidos`,`direccion`,`estadoLavadero`,`fechaNacimiento`,`identificacion`,`nombres`,`reputacion`,`telefono`,`ID`,`especialidad_id`,`lavadero_ID`) values ('xxxxxxxxxxxx','kasjdndks','Libre','2014-10-31','12345','xxxxxxxxxxxx',5,'33333333',9,NULL,1),('jaime enrique','kasjdndks','Libre','1997-10-16','1111111','gomez amador',5,'3001020202',10,NULL,1),('maza rodriguez','isejrdss','Libre','1998-10-21','2222222','juan camilo',5,'3020303030',11,5,1),('Garces Olivares','xxxxxxxxxxxxxxxxx','Libre','2000-11-20','8754','Miguel alejandro',5,'300998999',12,1,1);

/*Table structure for table `marca` */

DROP TABLE IF EXISTS `marca`;

CREATE TABLE `marca` (
  `codigo` int(11) NOT NULL,
  `nombre` varchar(50) DEFAULT NULL,
  PRIMARY KEY (`codigo`)
) ENGINE=InnoDB DEFAULT CHARSET=latin1;

/*Data for the table `marca` */

insert  into `marca`(`codigo`,`nombre`) values (1,'VOLKSWAGEN'),(4,'TOYOTA'),(6,'SUZUKI'),(7,'SKODA'),(8,'SEAT'),(9,'ROVER'),(10,'RENAULT'),(11,'PORSCHE'),(12,'NISSAN'),(13,'MITSUBISHI'),(14,'MERCEDES BENZ'),(15,'MAZDA'),(16,'LADA'),(17,'KIA'),(18,'JEEP'),(19,'HYUNDAI'),(20,'HONDA'),(21,'FORD'),(22,'FIAT'),(23,'DODGE'),(24,'DAEWOO'),(25,'DACIA'),(26,'CHEVROLET'),(27,'BMW'),(28,'AUDI'),(29,'ALFA-ROMERO'),(30,'ISUZU'),(31,'JAGUAR'),(33,'MERCURY'),(34,'PEUGOT'),(35,'PLYMOUTH'),(36,'SAAB'),(37,'SUBARU'),(38,'VOLVO');

/*Table structure for table `municipio` */

DROP TABLE IF EXISTS `municipio`;

CREATE TABLE `municipio` (
  `Cdep` int(11) DEFAULT NULL,
  `Cmun` int(11) NOT NULL,
  `CCenPo` int(11) DEFAULT NULL,
  `NomDep` varchar(50) DEFAULT NULL,
  `NomMun` varchar(55) DEFAULT NULL,
  PRIMARY KEY (`Cmun`)
) ENGINE=InnoDB DEFAULT CHARSET=latin1;

/*Data for the table `municipio` */

insert  into `municipio`(`Cdep`,`Cmun`,`CCenPo`,`NomDep`,`NomMun`) values (5,5001,5001000,'ANTIOQUIA','MEDELLÍN'),(5,5002,5002000,'ANTIOQUIA','ABEJORRAL'),(5,5004,5004000,'ANTIOQUIA','ABRIAQUÍ'),(5,5021,5021000,'ANTIOQUIA','ALEJANDRÍA'),(5,5030,5030000,'ANTIOQUIA','AMAGÁ'),(5,5031,5031000,'ANTIOQUIA','AMALFI'),(5,5034,5034000,'ANTIOQUIA','ANDES'),(5,5036,5036000,'ANTIOQUIA','ANGELÓPOLIS'),(5,5038,5038000,'ANTIOQUIA','ANGOSTURA'),(5,5040,5040000,'ANTIOQUIA','ANORÍ'),(5,5042,5042000,'ANTIOQUIA','SANTA FÉ DE ANTIOQUIA'),(5,5044,5044000,'ANTIOQUIA','ANZÁ'),(5,5045,5045000,'ANTIOQUIA','APARTADÓ'),(5,5051,5051000,'ANTIOQUIA','ARBOLETES'),(5,5055,5055000,'ANTIOQUIA','ARGELIA'),(5,5059,5059000,'ANTIOQUIA','ARMENIA'),(5,5079,5079000,'ANTIOQUIA','BARBOSA'),(5,5086,5086000,'ANTIOQUIA','BELMIRA'),(5,5088,5088000,'ANTIOQUIA','BELLO'),(5,5091,5091000,'ANTIOQUIA','BETANIA'),(5,5093,5093000,'ANTIOQUIA','BETULIA'),(5,5101,5101000,'ANTIOQUIA','CIUDAD BOLÍVAR'),(5,5107,5107000,'ANTIOQUIA','BRICEÑO'),(5,5113,5113000,'ANTIOQUIA','BURITICÁ'),(5,5120,5120000,'ANTIOQUIA','CÁCERES'),(5,5125,5125000,'ANTIOQUIA','CAICEDO'),(5,5129,5129000,'ANTIOQUIA','CALDAS'),(5,5134,5134000,'ANTIOQUIA','CAMPAMENTO'),(5,5138,5138000,'ANTIOQUIA','CAÑASGORDAS'),(5,5142,5142000,'ANTIOQUIA','CARACOLÍ'),(5,5145,5145000,'ANTIOQUIA','CARAMANTA'),(5,5147,5147000,'ANTIOQUIA','CAREPA'),(5,5148,5148000,'ANTIOQUIA','EL CARMEN DE VIBORAL'),(5,5150,5150000,'ANTIOQUIA','CAROLINA'),(5,5154,5154000,'ANTIOQUIA','CAUCASIA'),(5,5172,5172000,'ANTIOQUIA','CHIGORODÓ'),(5,5190,5190000,'ANTIOQUIA','CISNEROS'),(5,5197,5197000,'ANTIOQUIA','COCORNÁ'),(5,5206,5206000,'ANTIOQUIA','CONCEPCIÓN'),(5,5209,5209000,'ANTIOQUIA','CONCORDIA'),(5,5212,5212000,'ANTIOQUIA','COPACABANA'),(5,5234,5234000,'ANTIOQUIA','DABEIBA'),(5,5237,5237000,'ANTIOQUIA','DONMATÍAS'),(5,5240,5240000,'ANTIOQUIA','EBÉJICO'),(5,5250,5250000,'ANTIOQUIA','EL BAGRE'),(5,5264,5264000,'ANTIOQUIA','ENTRERRÍOS'),(5,5266,5266000,'ANTIOQUIA','ENVIGADO'),(5,5282,5282000,'ANTIOQUIA','FREDONIA'),(5,5284,5284000,'ANTIOQUIA','FRONTINO'),(5,5306,5306000,'ANTIOQUIA','GIRALDO'),(5,5308,5308000,'ANTIOQUIA','GIRARDOTA'),(5,5310,5310000,'ANTIOQUIA','GÓMEZ PLATA'),(5,5313,5313000,'ANTIOQUIA','GRANADA'),(5,5315,5315000,'ANTIOQUIA','GUADALUPE'),(5,5318,5318000,'ANTIOQUIA','GUARNE'),(5,5321,5321000,'ANTIOQUIA','GUATAPÉ'),(5,5347,5347000,'ANTIOQUIA','HELICONIA'),(5,5353,5353000,'ANTIOQUIA','HISPANIA'),(5,5360,5360000,'ANTIOQUIA','ITAGÜÍ'),(5,5361,5361000,'ANTIOQUIA','ITUANGO'),(5,5364,5364000,'ANTIOQUIA','JARDÍN'),(5,5368,5368000,'ANTIOQUIA','JERICÓ'),(5,5376,5376000,'ANTIOQUIA','LA CEJA'),(5,5380,5380000,'ANTIOQUIA','LA ESTRELLA'),(5,5390,5390000,'ANTIOQUIA','LA PINTADA'),(5,5400,5400000,'ANTIOQUIA','LA UNIÓN'),(5,5411,5411000,'ANTIOQUIA','LIBORINA'),(5,5425,5425000,'ANTIOQUIA','MACEO'),(5,5440,5440000,'ANTIOQUIA','MARINILLA'),(5,5467,5467000,'ANTIOQUIA','MONTEBELLO'),(5,5475,5475000,'ANTIOQUIA','MURINDÓ'),(5,5480,5480000,'ANTIOQUIA','MUTATÁ'),(5,5483,5483000,'ANTIOQUIA','NARIÑO'),(5,5490,5490000,'ANTIOQUIA','NECOCLÍ'),(5,5495,5495000,'ANTIOQUIA','NECHÍ'),(5,5501,5501000,'ANTIOQUIA','OLAYA'),(5,5541,5541000,'ANTIOQUIA','PEÑOL'),(5,5543,5543000,'ANTIOQUIA','PEQUE'),(5,5576,5576000,'ANTIOQUIA','PUEBLORRICO'),(5,5579,5579000,'ANTIOQUIA','PUERTO BERRÍO'),(5,5585,5585000,'ANTIOQUIA','PUERTO NARE'),(5,5591,5591000,'ANTIOQUIA','PUERTO TRIUNFO'),(5,5604,5604000,'ANTIOQUIA','REMEDIOS'),(5,5607,5607000,'ANTIOQUIA','RETIRO'),(5,5615,5615000,'ANTIOQUIA','RIONEGRO'),(5,5628,5628000,'ANTIOQUIA','SABANALARGA'),(5,5631,5631000,'ANTIOQUIA','SABANETA'),(5,5642,5642000,'ANTIOQUIA','SALGAR'),(5,5647,5647000,'ANTIOQUIA','SAN ANDRÉS DE CUERQUÍA'),(5,5649,5649000,'ANTIOQUIA','SAN CARLOS'),(5,5652,5652000,'ANTIOQUIA','SAN FRANCISCO'),(5,5656,5656000,'ANTIOQUIA','SAN JERÓNIMO'),(5,5658,5658000,'ANTIOQUIA','SAN JOSÉ DE LA MONTAÑA'),(5,5659,5659000,'ANTIOQUIA','SAN JUAN DE URABÁ'),(5,5660,5660000,'ANTIOQUIA','SAN LUIS'),(5,5664,5664000,'ANTIOQUIA','SAN PEDRO DE LOS MILAGROS'),(5,5665,5665000,'ANTIOQUIA','SAN PEDRO DE URABÁ'),(5,5667,5667000,'ANTIOQUIA','SAN RAFAEL'),(5,5670,5670000,'ANTIOQUIA','SAN ROQUE'),(5,5674,5674000,'ANTIOQUIA','SAN VICENTE FERRER'),(5,5679,5679000,'ANTIOQUIA','SANTA BÁRBARA'),(5,5686,5686000,'ANTIOQUIA','SANTA ROSA DE OSOS'),(5,5690,5690000,'ANTIOQUIA','SANTO DOMINGO'),(5,5697,5697000,'ANTIOQUIA','EL SANTUARIO'),(5,5736,5736000,'ANTIOQUIA','SEGOVIA'),(5,5756,5756000,'ANTIOQUIA','SONSÓN'),(5,5761,5761000,'ANTIOQUIA','SOPETRÁN'),(5,5789,5789000,'ANTIOQUIA','TÁMESIS'),(5,5790,5790000,'ANTIOQUIA','TARAZÁ'),(5,5792,5792000,'ANTIOQUIA','TARSO'),(5,5809,5809000,'ANTIOQUIA','TITIRIBÍ'),(5,5819,5819000,'ANTIOQUIA','TOLEDO'),(5,5837,5837000,'ANTIOQUIA','TURBO'),(5,5842,5842000,'ANTIOQUIA','URAMITA'),(5,5847,5847000,'ANTIOQUIA','URRAO'),(5,5854,5854000,'ANTIOQUIA','VALDIVIA'),(5,5856,5856000,'ANTIOQUIA','VALPARAÍSO'),(5,5858,5858000,'ANTIOQUIA','VEGACHÍ'),(5,5861,5861000,'ANTIOQUIA','VENECIA'),(5,5873,5873000,'ANTIOQUIA','VIGÍA DEL FUERTE'),(5,5885,5885000,'ANTIOQUIA','YALÍ'),(5,5887,5887000,'ANTIOQUIA','YARUMAL'),(5,5890,5890000,'ANTIOQUIA','YOLOMBÓ'),(5,5893,5893000,'ANTIOQUIA','YONDÓ'),(5,5895,5895000,'ANTIOQUIA','ZARAGOZA'),(8,8001,8001000,'ATLÁNTICO','BARRANQUILLA'),(8,8078,8078000,'ATLÁNTICO','BARANOA'),(8,8137,8137000,'ATLÁNTICO','CAMPO DE LA CRUZ'),(8,8141,8141000,'ATLÁNTICO','CANDELARIA'),(8,8296,8296000,'ATLÁNTICO','GALAPA'),(8,8372,8372000,'ATLÁNTICO','JUAN DE ACOSTA'),(8,8421,8421000,'ATLÁNTICO','LURUACO'),(8,8433,8433000,'ATLÁNTICO','MALAMBO'),(8,8436,8436000,'ATLÁNTICO','MANATÍ'),(8,8520,8520000,'ATLÁNTICO','PALMAR DE VARELA'),(8,8549,8549000,'ATLÁNTICO','PIOJÓ'),(8,8558,8558000,'ATLÁNTICO','POLONUEVO'),(8,8560,8560000,'ATLÁNTICO','PONEDERA'),(8,8573,8573000,'ATLÁNTICO','PUERTO COLOMBIA'),(8,8606,8606000,'ATLÁNTICO','REPELÓN'),(8,8634,8634000,'ATLÁNTICO','SABANAGRANDE'),(8,8675,8675000,'ATLÁNTICO','SANTA LUCÍA'),(8,8685,8685000,'ATLÁNTICO','SANTO TOMÁS'),(8,8758,8758000,'ATLÁNTICO','SOLEDAD'),(8,8770,8770000,'ATLÁNTICO','SUAN'),(8,8832,8832000,'ATLÁNTICO','TUBARÁ'),(8,8849,8849000,'ATLÁNTICO','USIACURÍ'),(11,11001,11001000,'BOGOTÁ, D.C.','BOGOTÁ, D.C.'),(13,13001,13001000,'BOLÍVAR','CARTAGENA DE INDIAS'),(13,13006,13006000,'BOLÍVAR','ACHÍ'),(13,13030,13030000,'BOLÍVAR','ALTOS DEL ROSARIO'),(13,13042,13042000,'BOLÍVAR','ARENAL'),(13,13052,13052000,'BOLÍVAR','ARJONA'),(13,13062,13062000,'BOLÍVAR','ARROYOHONDO'),(13,13074,13074000,'BOLÍVAR','BARRANCO DE LOBA'),(13,13140,13140000,'BOLÍVAR','CALAMAR'),(13,13160,13160000,'BOLÍVAR','CANTAGALLO'),(13,13188,13188000,'BOLÍVAR','CICUCO'),(13,13212,13212000,'BOLÍVAR','CÓRDOBA'),(13,13222,13222000,'BOLÍVAR','CLEMENCIA'),(13,13244,13244000,'BOLÍVAR','EL CARMEN DE BOLÍVAR'),(13,13248,13248000,'BOLÍVAR','EL GUAMO'),(13,13268,13268000,'BOLÍVAR','EL PEÑÓN'),(13,13300,13300000,'BOLÍVAR','HATILLO DE LOBA'),(13,13430,13430000,'BOLÍVAR','MAGANGUÉ'),(13,13433,13433000,'BOLÍVAR','MAHATES'),(13,13440,13440000,'BOLÍVAR','MARGARITA'),(13,13442,13442000,'BOLÍVAR','MARÍA LA BAJA'),(13,13458,13458000,'BOLÍVAR','MONTECRISTO'),(13,13468,13468000,'BOLÍVAR','MOMPÓS'),(13,13473,13473000,'BOLÍVAR','MORALES'),(13,13490,13490000,'BOLÍVAR','NOROSÍ'),(13,13549,13549000,'BOLÍVAR','PINILLOS'),(13,13580,13580000,'BOLÍVAR','REGIDOR'),(13,13600,13600000,'BOLÍVAR','RÍO VIEJO'),(13,13620,13620000,'BOLÍVAR','SAN CRISTÓBAL'),(13,13647,13647000,'BOLÍVAR','SAN ESTANISLAO'),(13,13650,13650000,'BOLÍVAR','SAN FERNANDO'),(13,13654,13654000,'BOLÍVAR','SAN JACINTO'),(13,13655,13655000,'BOLÍVAR','SAN JACINTO DEL CAUCA'),(13,13657,13657000,'BOLÍVAR','SAN JUAN NEPOMUCENO'),(13,13667,13667000,'BOLÍVAR','SAN MARTÍN DE LOBA'),(13,13670,13670000,'BOLÍVAR','SAN PABLO'),(13,13673,13673000,'BOLÍVAR','SANTA CATALINA'),(13,13683,13683000,'BOLÍVAR','SANTA ROSA'),(13,13688,13688000,'BOLÍVAR','SANTA ROSA DEL SUR'),(13,13744,13744000,'BOLÍVAR','SIMITÍ'),(13,13760,13760000,'BOLÍVAR','SOPLAVIENTO'),(13,13780,13780000,'BOLÍVAR','TALAIGUA NUEVO'),(13,13810,13810000,'BOLÍVAR','TIQUISIO'),(13,13836,13836000,'BOLÍVAR','TURBACO'),(13,13838,13838000,'BOLÍVAR','TURBANÁ'),(13,13873,13873000,'BOLÍVAR','VILLANUEVA'),(13,13894,13894000,'BOLÍVAR','ZAMBRANO'),(15,15001,15001000,'BOYACÁ','TUNJA'),(15,15022,15022000,'BOYACÁ','ALMEIDA'),(15,15047,15047000,'BOYACÁ','AQUITANIA'),(15,15051,15051000,'BOYACÁ','ARCABUCO'),(15,15087,15087000,'BOYACÁ','BELÉN'),(15,15090,15090000,'BOYACÁ','BERBEO'),(15,15092,15092000,'BOYACÁ','BETÉITIVA'),(15,15097,15097000,'BOYACÁ','BOAVITA'),(15,15104,15104000,'BOYACÁ','BOYACÁ'),(15,15109,15109000,'BOYACÁ','BUENAVISTA'),(15,15114,15114000,'BOYACÁ','BUSBANZÁ'),(15,15135,15135000,'BOYACÁ','CAMPOHERMOSO'),(15,15162,15162000,'BOYACÁ','CERINZA'),(15,15172,15172000,'BOYACÁ','CHINAVITA'),(15,15176,15176000,'BOYACÁ','CHIQUINQUIRÁ'),(15,15180,15180000,'BOYACÁ','CHISCAS'),(15,15183,15183000,'BOYACÁ','CHITA'),(15,15185,15185000,'BOYACÁ','CHITARAQUE'),(15,15187,15187000,'BOYACÁ','CHIVATÁ'),(15,15189,15189000,'BOYACÁ','CIÉNEGA'),(15,15204,15204000,'BOYACÁ','CÓMBITA'),(15,15212,15212000,'BOYACÁ','COPER'),(15,15215,15215000,'BOYACÁ','CORRALES'),(15,15218,15218000,'BOYACÁ','COVARACHÍA'),(15,15223,15223000,'BOYACÁ','CUBARÁ'),(15,15224,15224000,'BOYACÁ','CUCAITA'),(15,15226,15226000,'BOYACÁ','CUÍTIVA'),(15,15232,15232000,'BOYACÁ','CHÍQUIZA'),(15,15236,15236000,'BOYACÁ','CHIVOR'),(15,15238,15238000,'BOYACÁ','DUITAMA'),(15,15244,15244000,'BOYACÁ','EL COCUY'),(15,15248,15248000,'BOYACÁ','EL ESPINO'),(15,15272,15272000,'BOYACÁ','FIRAVITOBA'),(15,15276,15276000,'BOYACÁ','FLORESTA'),(15,15293,15293000,'BOYACÁ','GACHANTIVÁ'),(15,15296,15296000,'BOYACÁ','GÁMEZA'),(15,15299,15299000,'BOYACÁ','GARAGOA'),(15,15317,15317000,'BOYACÁ','GUACAMAYAS'),(15,15322,15322000,'BOYACÁ','GUATEQUE'),(15,15325,15325000,'BOYACÁ','GUAYATÁ'),(15,15332,15332000,'BOYACÁ','GÜICÁN'),(15,15362,15362000,'BOYACÁ','IZA'),(15,15367,15367000,'BOYACÁ','JENESANO'),(15,15377,15377000,'BOYACÁ','LABRANZAGRANDE'),(15,15380,15380000,'BOYACÁ','LA CAPILLA'),(15,15401,15401000,'BOYACÁ','LA VICTORIA'),(15,15403,15403000,'BOYACÁ','LA UVITA'),(15,15407,15407000,'BOYACÁ','VILLA DE LEYVA'),(15,15425,15425000,'BOYACÁ','MACANAL'),(15,15442,15442000,'BOYACÁ','MARIPÍ'),(15,15455,15455000,'BOYACÁ','MIRAFLORES'),(15,15464,15464000,'BOYACÁ','MONGUA'),(15,15466,15466000,'BOYACÁ','MONGUÍ'),(15,15469,15469000,'BOYACÁ','MONIQUIRÁ'),(15,15476,15476000,'BOYACÁ','MOTAVITA'),(15,15480,15480000,'BOYACÁ','MUZO'),(15,15491,15491000,'BOYACÁ','NOBSA'),(15,15494,15494000,'BOYACÁ','NUEVO COLÓN'),(15,15500,15500000,'BOYACÁ','OICATÁ'),(15,15507,15507000,'BOYACÁ','OTANCHE'),(15,15511,15511000,'BOYACÁ','PACHAVITA'),(15,15514,15514000,'BOYACÁ','PÁEZ'),(15,15516,15516000,'BOYACÁ','PAIPA'),(15,15518,15518000,'BOYACÁ','PAJARITO'),(15,15522,15522000,'BOYACÁ','PANQUEBA'),(15,15531,15531000,'BOYACÁ','PAUNA'),(15,15533,15533000,'BOYACÁ','PAYA'),(15,15537,15537000,'BOYACÁ','PAZ DE RÍO'),(15,15542,15542000,'BOYACÁ','PESCA'),(15,15550,15550000,'BOYACÁ','PISBA'),(15,15572,15572000,'BOYACÁ','PUERTO BOYACÁ'),(15,15580,15580000,'BOYACÁ','QUÍPAMA'),(15,15599,15599000,'BOYACÁ','RAMIRIQUÍ'),(15,15600,15600000,'BOYACÁ','RÁQUIRA'),(15,15621,15621000,'BOYACÁ','RONDÓN'),(15,15632,15632000,'BOYACÁ','SABOYÁ'),(15,15638,15638000,'BOYACÁ','SÁCHICA'),(15,15646,15646000,'BOYACÁ','SAMACÁ'),(15,15660,15660000,'BOYACÁ','SAN EDUARDO'),(15,15664,15664000,'BOYACÁ','SAN JOSÉ DE PARE'),(15,15667,15667000,'BOYACÁ','SAN LUIS DE GACENO'),(15,15673,15673000,'BOYACÁ','SAN MATEO'),(15,15676,15676000,'BOYACÁ','SAN MIGUEL DE SEMA'),(15,15681,15681000,'BOYACÁ','SAN PABLO DE BORBUR'),(15,15686,15686000,'BOYACÁ','SANTANA'),(15,15690,15690000,'BOYACÁ','SANTA MARÍA'),(15,15693,15693000,'BOYACÁ','SANTA ROSA DE VITERBO'),(15,15696,15696000,'BOYACÁ','SANTA SOFÍA'),(15,15720,15720000,'BOYACÁ','SATIVANORTE'),(15,15723,15723000,'BOYACÁ','SATIVASUR'),(15,15740,15740000,'BOYACÁ','SIACHOQUE'),(15,15753,15753000,'BOYACÁ','SOATÁ'),(15,15755,15755000,'BOYACÁ','SOCOTÁ'),(15,15757,15757000,'BOYACÁ','SOCHA'),(15,15759,15759000,'BOYACÁ','SOGAMOSO'),(15,15761,15761000,'BOYACÁ','SOMONDOCO'),(15,15762,15762000,'BOYACÁ','SORA'),(15,15763,15763000,'BOYACÁ','SOTAQUIRÁ'),(15,15764,15764000,'BOYACÁ','SORACÁ'),(15,15774,15774000,'BOYACÁ','SUSACÓN'),(15,15776,15776000,'BOYACÁ','SUTAMARCHÁN'),(15,15778,15778000,'BOYACÁ','SUTATENZA'),(15,15790,15790000,'BOYACÁ','TASCO'),(15,15798,15798000,'BOYACÁ','TENZA'),(15,15804,15804000,'BOYACÁ','TIBANÁ'),(15,15806,15806000,'BOYACÁ','TIBASOSA'),(15,15808,15808000,'BOYACÁ','TINJACÁ'),(15,15810,15810000,'BOYACÁ','TIPACOQUE'),(15,15814,15814000,'BOYACÁ','TOCA'),(15,15816,15816000,'BOYACÁ','TOGÜÍ'),(15,15820,15820000,'BOYACÁ','TÓPAGA'),(15,15822,15822000,'BOYACÁ','TOTA'),(15,15832,15832000,'BOYACÁ','TUNUNGUÁ'),(15,15835,15835000,'BOYACÁ','TURMEQUÉ'),(15,15837,15837000,'BOYACÁ','TUTA'),(15,15839,15839000,'BOYACÁ','TUTAZÁ'),(15,15842,15842000,'BOYACÁ','ÚMBITA'),(15,15861,15861000,'BOYACÁ','VENTAQUEMADA'),(15,15879,15879000,'BOYACÁ','VIRACACHÁ'),(15,15897,15897000,'BOYACÁ','ZETAQUIRA'),(17,17001,17001000,'CALDAS','MANIZALES'),(17,17013,17013000,'CALDAS','AGUADAS'),(17,17042,17042000,'CALDAS','ANSERMA'),(17,17050,17050000,'CALDAS','ARANZAZU'),(17,17088,17088000,'CALDAS','BELALCÁZAR'),(17,17174,17174000,'CALDAS','CHINCHINÁ'),(17,17272,17272000,'CALDAS','FILADELFIA'),(17,17380,17380000,'CALDAS','LA DORADA'),(17,17388,17388000,'CALDAS','LA MERCED'),(17,17433,17433000,'CALDAS','MANZANARES'),(17,17442,17442000,'CALDAS','MARMATO'),(17,17444,17444000,'CALDAS','MARQUETALIA'),(17,17446,17446000,'CALDAS','MARULANDA'),(17,17486,17486000,'CALDAS','NEIRA'),(17,17495,17495000,'CALDAS','NORCASIA'),(17,17513,17513000,'CALDAS','PÁCORA'),(17,17524,17524000,'CALDAS','PALESTINA'),(17,17541,17541000,'CALDAS','PENSILVANIA'),(17,17614,17614000,'CALDAS','RIOSUCIO'),(17,17616,17616000,'CALDAS','RISARALDA'),(17,17653,17653000,'CALDAS','SALAMINA'),(17,17662,17662000,'CALDAS','SAMANÁ'),(17,17665,17665000,'CALDAS','SAN JOSÉ'),(17,17777,17777000,'CALDAS','SUPÍA'),(17,17867,17867000,'CALDAS','VICTORIA'),(17,17873,17873000,'CALDAS','VILLAMARÍA'),(17,17877,17877000,'CALDAS','VITERBO'),(18,18001,18001000,'CAQUETÁ','FLORENCIA'),(18,18029,18029000,'CAQUETÁ','ALBANIA'),(18,18094,18094000,'CAQUETÁ','BELÉN DE LOS ANDAQUÍES'),(18,18150,18150000,'CAQUETÁ','CARTAGENA DEL CHAIRÁ'),(18,18205,18205000,'CAQUETÁ','CURILLO'),(18,18247,18247000,'CAQUETÁ','EL DONCELLO'),(18,18256,18256000,'CAQUETÁ','EL PAUJÍL'),(18,18410,18410000,'CAQUETÁ','LA MONTAÑITA'),(18,18460,18460000,'CAQUETÁ','MILÁN'),(18,18479,18479000,'CAQUETÁ','MORELIA'),(18,18592,18592000,'CAQUETÁ','PUERTO RICO'),(18,18610,18610000,'CAQUETÁ','SAN JOSÉ DEL FRAGUA'),(18,18753,18753000,'CAQUETÁ','SAN VICENTE DEL CAGUÁN'),(18,18756,18756000,'CAQUETÁ','SOLANO'),(18,18785,18785000,'CAQUETÁ','SOLITA'),(19,19001,19001000,'CAUCA','POPAYÁN'),(19,19022,19022000,'CAUCA','ALMAGUER'),(19,19075,19075000,'CAUCA','BALBOA'),(19,19100,19100000,'CAUCA','BOLÍVAR'),(19,19110,19110000,'CAUCA','BUENOS AIRES'),(19,19130,19130000,'CAUCA','CAJIBÍO'),(19,19137,19137000,'CAUCA','CALDONO'),(19,19142,19142000,'CAUCA','CALOTO'),(19,19212,19212000,'CAUCA','CORINTO'),(19,19256,19256000,'CAUCA','EL TAMBO'),(19,19300,19300000,'CAUCA','GUACHENÉ'),(19,19318,19318000,'CAUCA','GUAPÍ'),(19,19355,19355000,'CAUCA','INZÁ'),(19,19364,19364000,'CAUCA','JAMBALÓ'),(19,19392,19392000,'CAUCA','LA SIERRA'),(19,19397,19397000,'CAUCA','LA VEGA'),(19,19418,19418000,'CAUCA','LÓPEZ DE MICAY'),(19,19450,19450000,'CAUCA','MERCADERES'),(19,19455,19455000,'CAUCA','MIRANDA'),(19,19513,19513000,'CAUCA','PADILLA'),(19,19532,19532000,'CAUCA','PATÍA'),(19,19533,19533000,'CAUCA','PIAMONTE'),(19,19548,19548000,'CAUCA','PIENDAMÓ'),(19,19573,19573000,'CAUCA','PUERTO TEJADA'),(19,19585,19585000,'CAUCA','PURACÉ'),(19,19622,19622000,'CAUCA','ROSAS'),(19,19693,19693000,'CAUCA','SAN SEBASTIÁN'),(19,19698,19698000,'CAUCA','SANTANDER DE QUILICHAO'),(19,19743,19743000,'CAUCA','SILVIA'),(19,19760,19760000,'CAUCA','SOTARA'),(19,19780,19780000,'CAUCA','SUÁREZ'),(19,19785,19785000,'CAUCA','SUCRE'),(19,19807,19807000,'CAUCA','TIMBÍO'),(19,19809,19809000,'CAUCA','TIMBIQUÍ'),(19,19821,19821000,'CAUCA','TORIBÍO'),(19,19824,19824000,'CAUCA','TOTORÓ'),(19,19845,19845000,'CAUCA','VILLA RICA'),(20,20001,20001000,'CESAR','VALLEDUPAR'),(20,20011,20011000,'CESAR','AGUACHICA'),(20,20013,20013000,'CESAR','AGUSTÍN CODAZZI'),(20,20032,20032000,'CESAR','ASTREA'),(20,20045,20045000,'CESAR','BECERRIL'),(20,20060,20060000,'CESAR','BOSCONIA'),(20,20175,20175000,'CESAR','CHIMICHAGUA'),(20,20178,20178000,'CESAR','CHIRIGUANÁ'),(20,20228,20228000,'CESAR','CURUMANÍ'),(20,20238,20238000,'CESAR','EL COPEY'),(20,20250,20250000,'CESAR','EL PASO'),(20,20295,20295000,'CESAR','GAMARRA'),(20,20310,20310000,'CESAR','GONZÁLEZ'),(20,20383,20383000,'CESAR','LA GLORIA'),(20,20400,20400000,'CESAR','LA JAGUA DE IBIRICO'),(20,20443,20443000,'CESAR','MANAURE BALCÓN DEL CESAR'),(20,20517,20517000,'CESAR','PAILITAS'),(20,20550,20550000,'CESAR','PELAYA'),(20,20570,20570000,'CESAR','PUEBLO BELLO'),(20,20614,20614000,'CESAR','RÍO DE ORO'),(20,20621,20621000,'CESAR','LA PAZ'),(20,20710,20710000,'CESAR','SAN ALBERTO'),(20,20750,20750000,'CESAR','SAN DIEGO'),(20,20770,20770000,'CESAR','SAN MARTÍN'),(20,20787,20787000,'CESAR','TAMALAMEQUE'),(23,23001,23001000,'CÓRDOBA','MONTERÍA'),(23,23068,23068000,'CÓRDOBA','AYAPEL'),(23,23090,23090000,'CÓRDOBA','CANALETE'),(23,23162,23162000,'CÓRDOBA','CERETÉ'),(23,23168,23168000,'CÓRDOBA','CHIMÁ'),(23,23182,23182000,'CÓRDOBA','CHINÚ'),(23,23189,23189000,'CÓRDOBA','CIÉNAGA DE ORO'),(23,23300,23300000,'CÓRDOBA','COTORRA'),(23,23350,23350000,'CÓRDOBA','LA APARTADA'),(23,23417,23417000,'CÓRDOBA','LORICA'),(23,23419,23419000,'CÓRDOBA','LOS CÓRDOBAS'),(23,23464,23464000,'CÓRDOBA','MOMIL'),(23,23466,23466000,'CÓRDOBA','MONTELÍBANO'),(23,23500,23500000,'CÓRDOBA','MOÑITOS'),(23,23555,23555000,'CÓRDOBA','PLANETA RICA'),(23,23570,23570000,'CÓRDOBA','PUEBLO NUEVO'),(23,23574,23574000,'CÓRDOBA','PUERTO ESCONDIDO'),(23,23580,23580000,'CÓRDOBA','PUERTO LIBERTADOR'),(23,23586,23586000,'CÓRDOBA','PURÍSIMA DE LA CONCEPCIÓN'),(23,23660,23660000,'CÓRDOBA','SAHAGÚN'),(23,23670,23670000,'CÓRDOBA','SAN ANDRÉS DE SOTAVENTO'),(23,23672,23672000,'CÓRDOBA','SAN ANTERO'),(23,23675,23675000,'CÓRDOBA','SAN BERNARDO DEL VIENTO'),(23,23682,23682000,'CÓRDOBA','SAN JOSÉ DE URÉ'),(23,23686,23686000,'CÓRDOBA','SAN PELAYO'),(23,23807,23807000,'CÓRDOBA','TIERRALTA'),(23,23815,23815000,'CÓRDOBA','TUCHÍN'),(23,23855,23855000,'CÓRDOBA','VALENCIA'),(25,25001,25001000,'CUNDINAMARCA','AGUA DE DIOS'),(25,25019,25019000,'CUNDINAMARCA','ALBÁN'),(25,25035,25035000,'CUNDINAMARCA','ANAPOIMA'),(25,25040,25040000,'CUNDINAMARCA','ANOLAIMA'),(25,25053,25053000,'CUNDINAMARCA','ARBELÁEZ'),(25,25086,25086000,'CUNDINAMARCA','BELTRÁN'),(25,25095,25095000,'CUNDINAMARCA','BITUIMA'),(25,25099,25099000,'CUNDINAMARCA','BOJACÁ'),(25,25120,25120000,'CUNDINAMARCA','CABRERA'),(25,25123,25123000,'CUNDINAMARCA','CACHIPAY'),(25,25126,25126000,'CUNDINAMARCA','CAJICÁ'),(25,25148,25148000,'CUNDINAMARCA','CAPARRAPÍ'),(25,25151,25151000,'CUNDINAMARCA','CÁQUEZA'),(25,25154,25154000,'CUNDINAMARCA','CARMEN DE CARUPA'),(25,25168,25168000,'CUNDINAMARCA','CHAGUANÍ'),(25,25175,25175000,'CUNDINAMARCA','CHÍA'),(25,25178,25178000,'CUNDINAMARCA','CHIPAQUE'),(25,25181,25181000,'CUNDINAMARCA','CHOACHÍ'),(25,25183,25183000,'CUNDINAMARCA','CHOCONTÁ'),(25,25200,25200000,'CUNDINAMARCA','COGUA'),(25,25214,25214000,'CUNDINAMARCA','COTA'),(25,25224,25224000,'CUNDINAMARCA','CUCUNUBÁ'),(25,25245,25245000,'CUNDINAMARCA','EL COLEGIO'),(25,25260,25260000,'CUNDINAMARCA','EL ROSAL'),(25,25269,25269000,'CUNDINAMARCA','FACATATIVÁ'),(25,25279,25279000,'CUNDINAMARCA','FÓMEQUE'),(25,25281,25281000,'CUNDINAMARCA','FOSCA'),(25,25286,25286000,'CUNDINAMARCA','FUNZA'),(25,25288,25288000,'CUNDINAMARCA','FÚQUENE'),(25,25290,25290000,'CUNDINAMARCA','FUSAGASUGÁ'),(25,25293,25293000,'CUNDINAMARCA','GACHALÁ'),(25,25295,25295000,'CUNDINAMARCA','GACHANCIPÁ'),(25,25297,25297000,'CUNDINAMARCA','GACHETÁ'),(25,25299,25299000,'CUNDINAMARCA','GAMA'),(25,25307,25307000,'CUNDINAMARCA','GIRARDOT'),(25,25317,25317000,'CUNDINAMARCA','GUACHETÁ'),(25,25320,25320000,'CUNDINAMARCA','GUADUAS'),(25,25322,25322000,'CUNDINAMARCA','GUASCA'),(25,25324,25324000,'CUNDINAMARCA','GUATAQUÍ'),(25,25326,25326000,'CUNDINAMARCA','GUATAVITA'),(25,25328,25328000,'CUNDINAMARCA','GUAYABAL DE SÍQUIMA'),(25,25335,25335000,'CUNDINAMARCA','GUAYABETAL'),(25,25339,25339000,'CUNDINAMARCA','GUTIÉRREZ'),(25,25368,25368000,'CUNDINAMARCA','JERUSALÉN'),(25,25372,25372000,'CUNDINAMARCA','JUNÍN'),(25,25377,25377000,'CUNDINAMARCA','LA CALERA'),(25,25386,25386000,'CUNDINAMARCA','LA MESA'),(25,25394,25394000,'CUNDINAMARCA','LA PALMA'),(25,25398,25398000,'CUNDINAMARCA','LA PEÑA'),(25,25407,25407000,'CUNDINAMARCA','LENGUAZAQUE'),(25,25426,25426000,'CUNDINAMARCA','MACHETÁ'),(25,25430,25430000,'CUNDINAMARCA','MADRID'),(25,25436,25436000,'CUNDINAMARCA','MANTA'),(25,25438,25438000,'CUNDINAMARCA','MEDINA'),(25,25473,25473000,'CUNDINAMARCA','MOSQUERA'),(25,25486,25486000,'CUNDINAMARCA','NEMOCÓN'),(25,25488,25488000,'CUNDINAMARCA','NILO'),(25,25489,25489000,'CUNDINAMARCA','NIMAIMA'),(25,25491,25491000,'CUNDINAMARCA','NOCAIMA'),(25,25513,25513000,'CUNDINAMARCA','PACHO'),(25,25518,25518000,'CUNDINAMARCA','PAIME'),(25,25524,25524000,'CUNDINAMARCA','PANDI'),(25,25530,25530000,'CUNDINAMARCA','PARATEBUENO'),(25,25535,25535000,'CUNDINAMARCA','PASCA'),(25,25572,25572000,'CUNDINAMARCA','PUERTO SALGAR'),(25,25580,25580000,'CUNDINAMARCA','PULÍ'),(25,25592,25592000,'CUNDINAMARCA','QUEBRADANEGRA'),(25,25594,25594000,'CUNDINAMARCA','QUETAME'),(25,25596,25596000,'CUNDINAMARCA','QUIPILE'),(25,25599,25599000,'CUNDINAMARCA','APULO'),(25,25612,25612000,'CUNDINAMARCA','RICAURTE'),(25,25645,25645000,'CUNDINAMARCA','SAN ANTONIO DEL TEQUENDAMA'),(25,25649,25649000,'CUNDINAMARCA','SAN BERNARDO'),(25,25653,25653000,'CUNDINAMARCA','SAN CAYETANO'),(25,25662,25662000,'CUNDINAMARCA','SAN JUAN DE RIOSECO'),(25,25718,25718000,'CUNDINAMARCA','SASAIMA'),(25,25736,25736000,'CUNDINAMARCA','SESQUILÉ'),(25,25740,25740000,'CUNDINAMARCA','SIBATÉ'),(25,25743,25743000,'CUNDINAMARCA','SILVANIA'),(25,25745,25745000,'CUNDINAMARCA','SIMIJACA'),(25,25754,25754000,'CUNDINAMARCA','SOACHA'),(25,25758,25758000,'CUNDINAMARCA','SOPÓ'),(25,25769,25769000,'CUNDINAMARCA','SUBACHOQUE'),(25,25772,25772000,'CUNDINAMARCA','SUESCA'),(25,25777,25777000,'CUNDINAMARCA','SUPATÁ'),(25,25779,25779000,'CUNDINAMARCA','SUSA'),(25,25781,25781000,'CUNDINAMARCA','SUTATAUSA'),(25,25785,25785000,'CUNDINAMARCA','TABIO'),(25,25793,25793000,'CUNDINAMARCA','TAUSA'),(25,25797,25797000,'CUNDINAMARCA','TENA'),(25,25799,25799000,'CUNDINAMARCA','TENJO'),(25,25805,25805000,'CUNDINAMARCA','TIBACUY'),(25,25807,25807000,'CUNDINAMARCA','TIBIRITA'),(25,25815,25815000,'CUNDINAMARCA','TOCAIMA'),(25,25817,25817000,'CUNDINAMARCA','TOCANCIPÁ'),(25,25823,25823000,'CUNDINAMARCA','TOPAIPÍ'),(25,25839,25839000,'CUNDINAMARCA','UBALÁ'),(25,25841,25841000,'CUNDINAMARCA','UBAQUE'),(25,25843,25843000,'CUNDINAMARCA','VILLA DE SAN DIEGO DE UBATÉ'),(25,25845,25845000,'CUNDINAMARCA','UNE'),(25,25851,25851000,'CUNDINAMARCA','ÚTICA'),(25,25862,25862000,'CUNDINAMARCA','VERGARA'),(25,25867,25867000,'CUNDINAMARCA','VIANÍ'),(25,25871,25871000,'CUNDINAMARCA','VILLAGÓMEZ'),(25,25873,25873000,'CUNDINAMARCA','VILLAPINZÓN'),(25,25875,25875000,'CUNDINAMARCA','VILLETA'),(25,25878,25878000,'CUNDINAMARCA','VIOTÁ'),(25,25885,25885000,'CUNDINAMARCA','YACOPÍ'),(25,25898,25898000,'CUNDINAMARCA','ZIPACÓN'),(25,25899,25899000,'CUNDINAMARCA','ZIPAQUIRÁ'),(27,27001,27001000,'CHOCÓ','QUIBDÓ'),(27,27006,27006000,'CHOCÓ','ACANDÍ'),(27,27025,27025000,'CHOCÓ','ALTO BAUDÓ'),(27,27050,27050000,'CHOCÓ','ATRATO'),(27,27073,27073000,'CHOCÓ','BAGADÓ'),(27,27075,27075000,'CHOCÓ','BAHÍA SOLANO'),(27,27077,27077000,'CHOCÓ','BAJO BAUDÓ'),(27,27099,27099000,'CHOCÓ','BOJAYÁ'),(27,27135,27135000,'CHOCÓ','EL CANTÓN DEL SAN PABLO'),(27,27150,27150000,'CHOCÓ','CARMEN DEL DARIÉN'),(27,27160,27160000,'CHOCÓ','CÉRTEGUI'),(27,27205,27205000,'CHOCÓ','CONDOTO'),(27,27245,27245000,'CHOCÓ','EL CARMEN DE ATRATO'),(27,27250,27250000,'CHOCÓ','EL LITORAL DEL SAN JUAN'),(27,27361,27361000,'CHOCÓ','ISTMINA'),(27,27372,27372000,'CHOCÓ','JURADÓ'),(27,27413,27413000,'CHOCÓ','LLORÓ'),(27,27425,27425000,'CHOCÓ','MEDIO ATRATO'),(27,27430,27430000,'CHOCÓ','MEDIO BAUDÓ'),(27,27450,27450000,'CHOCÓ','MEDIO SAN JUAN'),(27,27491,27491000,'CHOCÓ','NÓVITA'),(27,27495,27495000,'CHOCÓ','NUQUÍ'),(27,27580,27580000,'CHOCÓ','RÍO IRÓ'),(27,27600,27600000,'CHOCÓ','RÍO QUITO'),(27,27660,27660000,'CHOCÓ','SAN JOSÉ DEL PALMAR'),(27,27745,27745000,'CHOCÓ','SIPÍ'),(27,27787,27787000,'CHOCÓ','TADÓ'),(27,27800,27800000,'CHOCÓ','UNGUÍA'),(27,27810,27810000,'CHOCÓ','UNIÓN PANAMERICANA'),(41,41001,41001000,'HUILA','NEIVA'),(41,41006,41006000,'HUILA','ACEVEDO'),(41,41013,41013000,'HUILA','AGRADO'),(41,41016,41016000,'HUILA','AIPE'),(41,41020,41020000,'HUILA','ALGECIRAS'),(41,41026,41026000,'HUILA','ALTAMIRA'),(41,41078,41078000,'HUILA','BARAYA'),(41,41132,41132000,'HUILA','CAMPOALEGRE'),(41,41206,41206000,'HUILA','COLOMBIA'),(41,41244,41244000,'HUILA','ELÍAS'),(41,41298,41298000,'HUILA','GARZÓN'),(41,41306,41306000,'HUILA','GIGANTE'),(41,41349,41349000,'HUILA','HOBO'),(41,41357,41357000,'HUILA','ÍQUIRA'),(41,41359,41359000,'HUILA','ISNOS'),(41,41378,41378000,'HUILA','LA ARGENTINA'),(41,41396,41396000,'HUILA','LA PLATA'),(41,41483,41483000,'HUILA','NÁTAGA'),(41,41503,41503000,'HUILA','OPORAPA'),(41,41518,41518000,'HUILA','PAICOL'),(41,41524,41524000,'HUILA','PALERMO'),(41,41548,41548000,'HUILA','PITAL'),(41,41551,41551000,'HUILA','PITALITO'),(41,41615,41615000,'HUILA','RIVERA'),(41,41660,41660000,'HUILA','SALADOBLANCO'),(41,41668,41668000,'HUILA','SAN AGUSTÍN'),(41,41770,41770000,'HUILA','SUAZA'),(41,41791,41791000,'HUILA','TARQUI'),(41,41797,41797000,'HUILA','TESALIA'),(41,41799,41799000,'HUILA','TELLO'),(41,41801,41801000,'HUILA','TERUEL'),(41,41807,41807000,'HUILA','TIMANÁ'),(41,41872,41872000,'HUILA','VILLAVIEJA'),(41,41885,41885000,'HUILA','YAGUARÁ'),(44,44001,44001000,'LA GUAJIRA','RIOHACHA'),(44,44078,44078000,'LA GUAJIRA','BARRANCAS'),(44,44090,44090000,'LA GUAJIRA','DIBULLA'),(44,44098,44098000,'LA GUAJIRA','DISTRACCIÓN'),(44,44110,44110000,'LA GUAJIRA','EL MOLINO'),(44,44279,44279000,'LA GUAJIRA','FONSECA'),(44,44378,44378000,'LA GUAJIRA','HATONUEVO'),(44,44420,44420000,'LA GUAJIRA','LA JAGUA DEL PILAR'),(44,44430,44430000,'LA GUAJIRA','MAICAO'),(44,44560,44560000,'LA GUAJIRA','MANAURE'),(44,44650,44650000,'LA GUAJIRA','SAN JUAN DEL CESAR'),(44,44847,44847000,'LA GUAJIRA','URIBIA'),(44,44855,44855000,'LA GUAJIRA','URUMITA'),(47,47001,47001000,'MAGDALENA','SANTA MARTA'),(47,47030,47030000,'MAGDALENA','ALGARROBO'),(47,47053,47053000,'MAGDALENA','ARACATACA'),(47,47058,47058000,'MAGDALENA','ARIGUANÍ'),(47,47161,47161000,'MAGDALENA','CERRO DE SAN ANTONIO'),(47,47170,47170000,'MAGDALENA','CHIVOLO'),(47,47189,47189000,'MAGDALENA','CIÉNAGA'),(47,47245,47245000,'MAGDALENA','EL BANCO'),(47,47258,47258000,'MAGDALENA','EL PIÑÓN'),(47,47268,47268000,'MAGDALENA','EL RETÉN'),(47,47288,47288000,'MAGDALENA','FUNDACIÓN'),(47,47318,47318000,'MAGDALENA','GUAMAL'),(47,47460,47460000,'MAGDALENA','NUEVA GRANADA'),(47,47541,47541000,'MAGDALENA','PEDRAZA'),(47,47545,47545000,'MAGDALENA','PIJIÑO DEL CARMEN'),(47,47551,47551000,'MAGDALENA','PIVIJAY'),(47,47555,47555000,'MAGDALENA','PLATO'),(47,47570,47570000,'MAGDALENA','PUEBLOVIEJO'),(47,47605,47605000,'MAGDALENA','REMOLINO'),(47,47660,47660000,'MAGDALENA','SABANAS DE SAN ÁNGEL'),(47,47692,47692000,'MAGDALENA','SAN SEBASTIÁN DE BUENAVISTA'),(47,47703,47703000,'MAGDALENA','SAN ZENÓN'),(47,47707,47707000,'MAGDALENA','SANTA ANA'),(47,47720,47720000,'MAGDALENA','SANTA BÁRBARA DE PINTO'),(47,47745,47745000,'MAGDALENA','SITIONUEVO'),(47,47798,47798000,'MAGDALENA','TENERIFE'),(47,47960,47960000,'MAGDALENA','ZAPAYÁN'),(47,47980,47980000,'MAGDALENA','ZONA BANANERA'),(50,50001,50001000,'META','VILLAVICENCIO'),(50,50006,50006000,'META','ACACÍAS'),(50,50110,50110000,'META','BARRANCA DE UPÍA'),(50,50124,50124000,'META','CABUYARO'),(50,50150,50150000,'META','CASTILLA LA NUEVA'),(50,50223,50223000,'META','SAN LUIS DE CUBARRAL'),(50,50226,50226000,'META','CUMARAL'),(50,50245,50245000,'META','EL CALVARIO'),(50,50251,50251000,'META','EL CASTILLO'),(50,50270,50270000,'META','EL DORADO'),(50,50287,50287000,'META','FUENTE DE ORO'),(50,50325,50325000,'META','MAPIRIPÁN'),(50,50330,50330000,'META','MESETAS'),(50,50350,50350000,'META','LA MACARENA'),(50,50370,50370000,'META','URIBE'),(50,50400,50400000,'META','LEJANÍAS'),(50,50450,50450000,'META','PUERTO CONCORDIA'),(50,50568,50568000,'META','PUERTO GAITÁN'),(50,50573,50573000,'META','PUERTO LÓPEZ'),(50,50577,50577000,'META','PUERTO LLERAS'),(50,50606,50606000,'META','RESTREPO'),(50,50680,50680000,'META','SAN CARLOS DE GUAROA'),(50,50683,50683000,'META','SAN JUAN DE ARAMA'),(50,50686,50686000,'META','SAN JUANITO'),(50,50711,50711000,'META','VISTAHERMOSA'),(52,52001,52001000,'NARIÑO','PASTO'),(52,52022,52022000,'NARIÑO','ALDANA'),(52,52036,52036000,'NARIÑO','ANCUYÁ'),(52,52051,52051000,'NARIÑO','ARBOLEDA'),(52,52079,52079000,'NARIÑO','BARBACOAS'),(52,52110,52110000,'NARIÑO','BUESACO'),(52,52203,52203000,'NARIÑO','COLÓN'),(52,52207,52207000,'NARIÑO','CONSACÁ'),(52,52210,52210000,'NARIÑO','CONTADERO'),(52,52224,52224000,'NARIÑO','CUASPÚD'),(52,52227,52227000,'NARIÑO','CUMBAL'),(52,52233,52233000,'NARIÑO','CUMBITARA'),(52,52240,52240000,'NARIÑO','CHACHAGÜÍ'),(52,52250,52250000,'NARIÑO','EL CHARCO'),(52,52254,52254000,'NARIÑO','EL PEÑOL'),(52,52256,52256000,'NARIÑO','EL ROSARIO'),(52,52258,52258000,'NARIÑO','EL TABLÓN DE GÓMEZ'),(52,52287,52287000,'NARIÑO','FUNES'),(52,52317,52317000,'NARIÑO','GUACHUCAL'),(52,52320,52320000,'NARIÑO','GUAITARILLA'),(52,52323,52323000,'NARIÑO','GUALMATÁN'),(52,52352,52352000,'NARIÑO','ILES'),(52,52354,52354000,'NARIÑO','IMUÉS'),(52,52356,52356000,'NARIÑO','IPIALES'),(52,52378,52378000,'NARIÑO','LA CRUZ'),(52,52381,52381000,'NARIÑO','LA FLORIDA'),(52,52385,52385000,'NARIÑO','LA LLANADA'),(52,52390,52390000,'NARIÑO','LA TOLA'),(52,52405,52405000,'NARIÑO','LEIVA'),(52,52411,52411000,'NARIÑO','LINARES'),(52,52418,52418000,'NARIÑO','LOS ANDES'),(52,52427,52427000,'NARIÑO','MAGÜÍ'),(52,52435,52435000,'NARIÑO','MALLAMA'),(52,52490,52490000,'NARIÑO','OLAYA HERRERA'),(52,52506,52506000,'NARIÑO','OSPINA'),(52,52520,52520000,'NARIÑO','FRANCISCO PIZARRO'),(52,52540,52540000,'NARIÑO','POLICARPA'),(52,52560,52560000,'NARIÑO','POTOSÍ'),(52,52565,52565000,'NARIÑO','PROVIDENCIA'),(52,52573,52573000,'NARIÑO','PUERRES'),(52,52585,52585000,'NARIÑO','PUPIALES'),(52,52621,52621000,'NARIÑO','ROBERTO PAYÁN'),(52,52678,52678000,'NARIÑO','SAMANIEGO'),(52,52683,52683000,'NARIÑO','SANDONÁ'),(52,52687,52687000,'NARIÑO','SAN LORENZO'),(52,52694,52694000,'NARIÑO','SAN PEDRO DE CARTAGO'),(52,52699,52699000,'NARIÑO','SANTACRUZ'),(52,52720,52720000,'NARIÑO','SAPUYES'),(52,52786,52786000,'NARIÑO','TAMINANGO'),(52,52788,52788000,'NARIÑO','TANGUA'),(52,52835,52835000,'NARIÑO','SAN ANDRÉS DE TUMACO'),(52,52838,52838000,'NARIÑO','TÚQUERRES'),(52,52885,52885000,'NARIÑO','YACUANQUER'),(54,54001,54001000,'NORTE DE SANTANDER','CÚCUTA'),(54,54003,54003000,'NORTE DE SANTANDER','ÁBREGO'),(54,54051,54051000,'NORTE DE SANTANDER','ARBOLEDAS'),(54,54099,54099000,'NORTE DE SANTANDER','BOCHALEMA'),(54,54109,54109000,'NORTE DE SANTANDER','BUCARASICA'),(54,54125,54125000,'NORTE DE SANTANDER','CÁCOTA'),(54,54128,54128000,'NORTE DE SANTANDER','CÁCHIRA'),(54,54172,54172000,'NORTE DE SANTANDER','CHINÁCOTA'),(54,54174,54174000,'NORTE DE SANTANDER','CHITAGÁ'),(54,54206,54206000,'NORTE DE SANTANDER','CONVENCIÓN'),(54,54223,54223000,'NORTE DE SANTANDER','CUCUTILLA'),(54,54239,54239000,'NORTE DE SANTANDER','DURANIA'),(54,54245,54245000,'NORTE DE SANTANDER','EL CARMEN'),(54,54250,54250000,'NORTE DE SANTANDER','EL TARRA'),(54,54261,54261000,'NORTE DE SANTANDER','EL ZULIA'),(54,54313,54313000,'NORTE DE SANTANDER','GRAMALOTE'),(54,54344,54344000,'NORTE DE SANTANDER','HACARÍ'),(54,54347,54347000,'NORTE DE SANTANDER','HERRÁN'),(54,54377,54377000,'NORTE DE SANTANDER','LABATECA'),(54,54385,54385000,'NORTE DE SANTANDER','LA ESPERANZA'),(54,54398,54398000,'NORTE DE SANTANDER','LA PLAYA'),(54,54405,54405000,'NORTE DE SANTANDER','LOS PATIOS'),(54,54418,54418000,'NORTE DE SANTANDER','LOURDES'),(54,54480,54480000,'NORTE DE SANTANDER','MUTISCUA'),(54,54498,54498000,'NORTE DE SANTANDER','OCAÑA'),(54,54518,54518000,'NORTE DE SANTANDER','PAMPLONA'),(54,54520,54520000,'NORTE DE SANTANDER','PAMPLONITA'),(54,54553,54553000,'NORTE DE SANTANDER','PUERTO SANTANDER'),(54,54599,54599000,'NORTE DE SANTANDER','RAGONVALIA'),(54,54660,54660000,'NORTE DE SANTANDER','SALAZAR'),(54,54670,54670000,'NORTE DE SANTANDER','SAN CALIXTO'),(54,54680,54680000,'NORTE DE SANTANDER','SANTIAGO'),(54,54720,54720000,'NORTE DE SANTANDER','SARDINATA'),(54,54743,54743000,'NORTE DE SANTANDER','SILOS'),(54,54800,54800000,'NORTE DE SANTANDER','TEORAMA'),(54,54810,54810000,'NORTE DE SANTANDER','TIBÚ'),(54,54871,54871000,'NORTE DE SANTANDER','VILLA CARO'),(54,54874,54874000,'NORTE DE SANTANDER','VILLA DEL ROSARIO'),(63,63130,63130000,'QUINDIO','CALARCÁ'),(63,63190,63190000,'QUINDIO','CIRCASIA'),(63,63272,63272000,'QUINDIO','FILANDIA'),(63,63302,63302000,'QUINDIO','GÉNOVA'),(63,63401,63401000,'QUINDIO','LA TEBAIDA'),(63,63470,63470000,'QUINDIO','MONTENEGRO'),(63,63548,63548000,'QUINDIO','PIJAO'),(63,63594,63594000,'QUINDIO','QUIMBAYA'),(63,63690,63690000,'QUINDIO','SALENTO'),(66,66001,66001000,'RISARALDA','PEREIRA'),(66,66045,66045000,'RISARALDA','APÍA'),(66,66088,66088000,'RISARALDA','BELÉN DE UMBRÍA'),(66,66170,66170000,'RISARALDA','DOSQUEBRADAS'),(66,66318,66318000,'RISARALDA','GUÁTICA'),(66,66383,66383000,'RISARALDA','LA CELIA'),(66,66400,66400000,'RISARALDA','LA VIRGINIA'),(66,66440,66440000,'RISARALDA','MARSELLA'),(66,66456,66456000,'RISARALDA','MISTRATÓ'),(66,66572,66572000,'RISARALDA','PUEBLO RICO'),(66,66594,66594000,'RISARALDA','QUINCHÍA'),(66,66682,66682000,'RISARALDA','SANTA ROSA DE CABAL'),(66,66687,66687000,'RISARALDA','SANTUARIO'),(68,68001,68001000,'SANTANDER','BUCARAMANGA'),(68,68013,68013000,'SANTANDER','AGUADA'),(68,68051,68051000,'SANTANDER','ARATOCA'),(68,68079,68079000,'SANTANDER','BARICHARA'),(68,68081,68081000,'SANTANDER','BARRANCABERMEJA'),(68,68132,68132000,'SANTANDER','CALIFORNIA'),(68,68147,68147000,'SANTANDER','CAPITANEJO'),(68,68152,68152000,'SANTANDER','CARCASÍ'),(68,68160,68160000,'SANTANDER','CEPITÁ'),(68,68162,68162000,'SANTANDER','CERRITO'),(68,68167,68167000,'SANTANDER','CHARALÁ'),(68,68169,68169000,'SANTANDER','CHARTA'),(68,68176,68176000,'SANTANDER','CHIMA'),(68,68179,68179000,'SANTANDER','CHIPATÁ'),(68,68190,68190000,'SANTANDER','CIMITARRA'),(68,68209,68209000,'SANTANDER','CONFINES'),(68,68211,68211000,'SANTANDER','CONTRATACIÓN'),(68,68217,68217000,'SANTANDER','COROMORO'),(68,68229,68229000,'SANTANDER','CURITÍ'),(68,68235,68235000,'SANTANDER','EL CARMEN DE CHUCURÍ'),(68,68245,68245000,'SANTANDER','EL GUACAMAYO'),(68,68255,68255000,'SANTANDER','EL PLAYÓN'),(68,68264,68264000,'SANTANDER','ENCINO'),(68,68266,68266000,'SANTANDER','ENCISO'),(68,68271,68271000,'SANTANDER','FLORIÁN'),(68,68276,68276000,'SANTANDER','FLORIDABLANCA'),(68,68296,68296000,'SANTANDER','GALÁN'),(68,68298,68298000,'SANTANDER','GÁMBITA'),(68,68307,68307000,'SANTANDER','GIRÓN'),(68,68318,68318000,'SANTANDER','GUACA'),(68,68322,68322000,'SANTANDER','GUAPOTÁ'),(68,68324,68324000,'SANTANDER','GUAVATÁ'),(68,68327,68327000,'SANTANDER','GÜEPSA'),(68,68344,68344000,'SANTANDER','HATO'),(68,68368,68368000,'SANTANDER','JESÚS MARÍA'),(68,68370,68370000,'SANTANDER','JORDÁN'),(68,68377,68377000,'SANTANDER','LA BELLEZA'),(68,68385,68385000,'SANTANDER','LANDÁZURI'),(68,68406,68406000,'SANTANDER','LEBRIJA'),(68,68418,68418000,'SANTANDER','LOS SANTOS'),(68,68425,68425000,'SANTANDER','MACARAVITA'),(68,68432,68432000,'SANTANDER','MÁLAGA'),(68,68444,68444000,'SANTANDER','MATANZA'),(68,68464,68464000,'SANTANDER','MOGOTES'),(68,68468,68468000,'SANTANDER','MOLAGAVITA'),(68,68498,68498000,'SANTANDER','OCAMONTE'),(68,68500,68500000,'SANTANDER','OIBA'),(68,68502,68502000,'SANTANDER','ONZAGA'),(68,68522,68522000,'SANTANDER','PALMAR'),(68,68524,68524000,'SANTANDER','PALMAS DEL SOCORRO'),(68,68533,68533000,'SANTANDER','PÁRAMO'),(68,68547,68547000,'SANTANDER','PIEDECUESTA'),(68,68549,68549000,'SANTANDER','PINCHOTE'),(68,68572,68572000,'SANTANDER','PUENTE NACIONAL'),(68,68573,68573000,'SANTANDER','PUERTO PARRA'),(68,68575,68575000,'SANTANDER','PUERTO WILCHES'),(68,68655,68655000,'SANTANDER','SABANA DE TORRES'),(68,68669,68669000,'SANTANDER','SAN ANDRÉS'),(68,68673,68673000,'SANTANDER','SAN BENITO'),(68,68679,68679000,'SANTANDER','SAN GIL'),(68,68682,68682000,'SANTANDER','SAN JOAQUÍN'),(68,68684,68684000,'SANTANDER','SAN JOSÉ DE MIRANDA'),(68,68686,68686000,'SANTANDER','SAN MIGUEL'),(68,68689,68689000,'SANTANDER','SAN VICENTE DE CHUCURÍ'),(68,68720,68720000,'SANTANDER','SANTA HELENA DEL OPÓN'),(68,68745,68745000,'SANTANDER','SIMACOTA'),(68,68755,68755000,'SANTANDER','SOCORRO'),(68,68770,68770000,'SANTANDER','SUAITA'),(68,68780,68780000,'SANTANDER','SURATÁ'),(68,68820,68820000,'SANTANDER','TONA'),(68,68855,68855000,'SANTANDER','VALLE DE SAN JOSÉ'),(68,68861,68861000,'SANTANDER','VÉLEZ'),(68,68867,68867000,'SANTANDER','VETAS'),(68,68895,68895000,'SANTANDER','ZAPATOCA'),(70,70001,70001000,'SUCRE','SINCELEJO'),(70,70124,70124000,'SUCRE','CAIMITO'),(70,70204,70204000,'SUCRE','COLOSO'),(70,70215,70215000,'SUCRE','COROZAL'),(70,70221,70221000,'SUCRE','COVEÑAS'),(70,70230,70230000,'SUCRE','CHALÁN'),(70,70233,70233000,'SUCRE','EL ROBLE'),(70,70235,70235000,'SUCRE','GALERAS'),(70,70265,70265000,'SUCRE','GUARANDA'),(70,70418,70418000,'SUCRE','LOS PALMITOS'),(70,70429,70429000,'SUCRE','MAJAGUAL'),(70,70473,70473000,'SUCRE','MORROA'),(70,70508,70508000,'SUCRE','OVEJAS'),(70,70523,70523000,'SUCRE','PALMITO'),(70,70670,70670000,'SUCRE','SAMPUÉS'),(70,70678,70678000,'SUCRE','SAN BENITO ABAD'),(70,70702,70702000,'SUCRE','SAN JUAN DE BETULIA'),(70,70708,70708000,'SUCRE','SAN MARCOS'),(70,70713,70713000,'SUCRE','SAN ONOFRE'),(70,70717,70717000,'SUCRE','SAN PEDRO'),(70,70742,70742000,'SUCRE','SAN LUIS DE SINCÉ'),(70,70820,70820000,'SUCRE','SANTIAGO DE TOLÚ'),(70,70823,70823000,'SUCRE','TOLÚ VIEJO'),(73,73001,73001000,'TOLIMA','IBAGUÉ'),(73,73024,73024000,'TOLIMA','ALPUJARRA'),(73,73026,73026000,'TOLIMA','ALVARADO'),(73,73030,73030000,'TOLIMA','AMBALEMA'),(73,73043,73043000,'TOLIMA','ANZOÁTEGUI'),(73,73055,73055000,'TOLIMA','ARMERO GUAYABAL'),(73,73067,73067000,'TOLIMA','ATACO'),(73,73124,73124000,'TOLIMA','CAJAMARCA'),(73,73148,73148000,'TOLIMA','CARMEN DE APICALÁ'),(73,73152,73152000,'TOLIMA','CASABIANCA'),(73,73168,73168000,'TOLIMA','CHAPARRAL'),(73,73200,73200000,'TOLIMA','COELLO'),(73,73217,73217000,'TOLIMA','COYAIMA'),(73,73226,73226000,'TOLIMA','CUNDAY'),(73,73236,73236000,'TOLIMA','DOLORES'),(73,73268,73268000,'TOLIMA','ESPINAL'),(73,73270,73270000,'TOLIMA','FALAN'),(73,73275,73275000,'TOLIMA','FLANDES'),(73,73283,73283000,'TOLIMA','FRESNO'),(73,73319,73319000,'TOLIMA','GUAMO'),(73,73347,73347000,'TOLIMA','HERVEO'),(73,73349,73349000,'TOLIMA','HONDA'),(73,73352,73352000,'TOLIMA','ICONONZO'),(73,73408,73408000,'TOLIMA','LÉRIDA'),(73,73411,73411000,'TOLIMA','LÍBANO'),(73,73443,73443000,'TOLIMA','SAN SEBASTIÁN DE MARIQUITA'),(73,73449,73449000,'TOLIMA','MELGAR'),(73,73461,73461000,'TOLIMA','MURILLO'),(73,73483,73483000,'TOLIMA','NATAGAIMA'),(73,73504,73504000,'TOLIMA','ORTEGA'),(73,73520,73520000,'TOLIMA','PALOCABILDO'),(73,73547,73547000,'TOLIMA','PIEDRAS'),(73,73555,73555000,'TOLIMA','PLANADAS'),(73,73563,73563000,'TOLIMA','PRADO'),(73,73585,73585000,'TOLIMA','PURIFICACIÓN'),(73,73616,73616000,'TOLIMA','RIOBLANCO'),(73,73622,73622000,'TOLIMA','RONCESVALLES'),(73,73624,73624000,'TOLIMA','ROVIRA'),(73,73671,73671000,'TOLIMA','SALDAÑA'),(73,73675,73675000,'TOLIMA','SAN ANTONIO'),(73,73686,73686000,'TOLIMA','SANTA ISABEL'),(73,73854,73854000,'TOLIMA','VALLE DE SAN JUAN'),(73,73861,73861000,'TOLIMA','VENADILLO'),(73,73870,73870000,'TOLIMA','VILLAHERMOSA'),(73,73873,73873000,'TOLIMA','VILLARRICA'),(76,76001,76001000,'VALLE DEL CAUCA','CALI'),(76,76020,76020000,'VALLE DEL CAUCA','ALCALÁ'),(76,76036,76036000,'VALLE DEL CAUCA','ANDALUCÍA'),(76,76041,76041000,'VALLE DEL CAUCA','ANSERMANUEVO'),(76,76109,76109000,'VALLE DEL CAUCA','BUENAVENTURA'),(76,76111,76111000,'VALLE DEL CAUCA','GUADALAJARA DE BUGA'),(76,76113,76113000,'VALLE DEL CAUCA','BUGALAGRANDE'),(76,76122,76122000,'VALLE DEL CAUCA','CAICEDONIA'),(76,76126,76126000,'VALLE DEL CAUCA','CALIMA'),(76,76147,76147000,'VALLE DEL CAUCA','CARTAGO'),(76,76233,76233000,'VALLE DEL CAUCA','DAGUA'),(76,76243,76243000,'VALLE DEL CAUCA','EL ÁGUILA'),(76,76246,76246000,'VALLE DEL CAUCA','EL CAIRO'),(76,76248,76248000,'VALLE DEL CAUCA','EL CERRITO'),(76,76250,76250000,'VALLE DEL CAUCA','EL DOVIO'),(76,76275,76275000,'VALLE DEL CAUCA','FLORIDA'),(76,76306,76306000,'VALLE DEL CAUCA','GINEBRA'),(76,76318,76318000,'VALLE DEL CAUCA','GUACARÍ'),(76,76364,76364000,'VALLE DEL CAUCA','JAMUNDÍ'),(76,76377,76377000,'VALLE DEL CAUCA','LA CUMBRE'),(76,76497,76497000,'VALLE DEL CAUCA','OBANDO'),(76,76520,76520000,'VALLE DEL CAUCA','PALMIRA'),(76,76563,76563000,'VALLE DEL CAUCA','PRADERA'),(76,76616,76616000,'VALLE DEL CAUCA','RIOFRÍO'),(76,76622,76622000,'VALLE DEL CAUCA','ROLDANILLO'),(76,76736,76736000,'VALLE DEL CAUCA','SEVILLA'),(76,76823,76823000,'VALLE DEL CAUCA','TORO'),(76,76828,76828000,'VALLE DEL CAUCA','TRUJILLO'),(76,76834,76834000,'VALLE DEL CAUCA','TULUÁ'),(76,76845,76845000,'VALLE DEL CAUCA','ULLOA'),(76,76863,76863000,'VALLE DEL CAUCA','VERSALLES'),(76,76869,76869000,'VALLE DEL CAUCA','VIJES'),(76,76890,76890000,'VALLE DEL CAUCA','YOTOCO'),(76,76892,76892000,'VALLE DEL CAUCA','YUMBO'),(76,76895,76895000,'VALLE DEL CAUCA','ZARZAL'),(81,81001,81001000,'ARAUCA','ARAUCA'),(81,81065,81065000,'ARAUCA','ARAUQUITA'),(81,81220,81220000,'ARAUCA','CRAVO NORTE'),(81,81300,81300000,'ARAUCA','FORTUL'),(81,81591,81591000,'ARAUCA','PUERTO RONDÓN'),(81,81736,81736000,'ARAUCA','SARAVENA'),(81,81794,81794000,'ARAUCA','TAME'),(85,85001,85001000,'CASANARE','YOPAL'),(85,85010,85010000,'CASANARE','AGUAZUL'),(85,85015,85015000,'CASANARE','CHÁMEZA'),(85,85125,85125000,'CASANARE','HATO COROZAL'),(85,85136,85136000,'CASANARE','LA SALINA'),(85,85139,85139000,'CASANARE','MANÍ'),(85,85162,85162000,'CASANARE','MONTERREY'),(85,85225,85225000,'CASANARE','NUNCHÍA'),(85,85230,85230000,'CASANARE','OROCUÉ'),(85,85250,85250000,'CASANARE','PAZ DE ARIPORO'),(85,85263,85263000,'CASANARE','PORE'),(85,85279,85279000,'CASANARE','RECETOR'),(85,85315,85315000,'CASANARE','SÁCAMA'),(85,85325,85325000,'CASANARE','SAN LUIS DE PALENQUE'),(85,85400,85400000,'CASANARE','TÁMARA'),(85,85410,85410000,'CASANARE','TAURAMENA'),(85,85430,85430000,'CASANARE','TRINIDAD'),(86,86001,86001000,'PUTUMAYO','MOCOA'),(86,86320,86320000,'PUTUMAYO','ORITO'),(86,86568,86568000,'PUTUMAYO','PUERTO ASÍS'),(86,86569,86569000,'PUTUMAYO','PUERTO CAICEDO'),(86,86571,86571000,'PUTUMAYO','PUERTO GUZMÁN'),(86,86573,86573000,'PUTUMAYO','PUERTO LEGUÍZAMO'),(86,86749,86749000,'PUTUMAYO','SIBUNDOY'),(86,86865,86865000,'PUTUMAYO','VALLE DEL GUAMUEZ'),(86,86885,86885000,'PUTUMAYO','VILLAGARZÓN'),(91,91001,91001000,'AMAZONAS','LETICIA'),(91,91263,91263000,'AMAZONAS','EL ENCANTO'),(91,91405,91405000,'AMAZONAS','LA CHORRERA'),(91,91407,91407000,'AMAZONAS','LA PEDRERA'),(91,91460,91460000,'AMAZONAS','MIRITÍ - PARANÁ'),(91,91530,91530000,'AMAZONAS','PUERTO ALEGRÍA'),(91,91536,91536000,'AMAZONAS','PUERTO ARICA'),(91,91540,91540000,'AMAZONAS','PUERTO NARIÑO'),(91,91798,91798000,'AMAZONAS','TARAPACÁ'),(94,94001,94001000,'GUAINÍA','INÍRIDA'),(94,94343,94343000,'GUAINÍA','BARRANCO MINAS'),(94,94663,94663000,'GUAINÍA','MAPIRIPANA'),(94,94883,94883000,'GUAINÍA','SAN FELIPE'),(94,94885,94885000,'GUAINÍA','LA GUADALUPE'),(94,94886,94886000,'GUAINÍA','CACAHUAL'),(94,94887,94887000,'GUAINÍA','PANA PANA'),(94,94888,94888000,'GUAINÍA','MORICHAL'),(95,95001,95001000,'GUAVIARE','SAN JOSÉ DEL GUAVIARE'),(95,95025,95025000,'GUAVIARE','EL RETORNO'),(97,97001,97001000,'VAUPÉS','MITÚ'),(97,97161,97161000,'VAUPÉS','CARURÚ'),(97,97511,97511000,'VAUPÉS','PACOA'),(97,97666,97666000,'VAUPÉS','TARAIRA'),(97,97777,97777000,'VAUPÉS','PAPUNAUA'),(97,97889,97889000,'VAUPÉS','YAVARATÉ'),(99,99001,99001000,'VICHADA','PUERTO CARREÑO'),(99,99524,99524000,'VICHADA','LA PRIMAVERA'),(99,99624,99624000,'VICHADA','SANTA ROSALÍA'),(99,99773,99773000,'VICHADA','CUMARIBO');

/*Table structure for table `programacion` */

DROP TABLE IF EXISTS `programacion`;

CREATE TABLE `programacion` (
  `id` bigint(20) NOT NULL,
  `estado` varchar(255) DEFAULT NULL,
  `estadoActivo` bit(1) NOT NULL,
  `fecha` date DEFAULT NULL,
  `hora` date DEFAULT NULL,
  `administrado_ID` bigint(20) DEFAULT NULL,
  `automovil_id` bigint(20) DEFAULT NULL,
  `entrega_id` bigint(20) DEFAULT NULL,
  `propietario_ID` bigint(20) DEFAULT NULL,
  PRIMARY KEY (`id`),
  KEY `FK55C428C2711DA364` (`administrado_ID`),
  KEY `FK55C428C24101B51C` (`automovil_id`),
  KEY `FK55C428C2589D8E1C` (`propietario_ID`),
  KEY `FK55C428C23347339C` (`entrega_id`),
  CONSTRAINT `FK55C428C23347339C` FOREIGN KEY (`entrega_id`) REFERENCES `entrega` (`id`),
  CONSTRAINT `FK55C428C24101B51C` FOREIGN KEY (`automovil_id`) REFERENCES `automovil` (`id`),
  CONSTRAINT `FK55C428C2589D8E1C` FOREIGN KEY (`propietario_ID`) REFERENCES `propietario` (`ID`),
  CONSTRAINT `FK55C428C2711DA364` FOREIGN KEY (`administrado_ID`) REFERENCES `administrador` (`ID`)
) ENGINE=InnoDB DEFAULT CHARSET=latin1;

/*Data for the table `programacion` */

/*Table structure for table `propietario` */

DROP TABLE IF EXISTS `propietario`;

CREATE TABLE `propietario` (
  `ciudad` varchar(255) DEFAULT NULL,
  `direccion` varchar(255) DEFAULT NULL,
  `ocupacion` varchar(255) DEFAULT NULL,
  `ID` bigint(20) NOT NULL,
  PRIMARY KEY (`ID`),
  KEY `FK71B43B0C5C4DCFF7` (`ID`),
  CONSTRAINT `FK71B43B0C5C4DCFF7` FOREIGN KEY (`ID`) REFERENCES `cliente` (`ID`)
) ENGINE=InnoDB DEFAULT CHARSET=latin1;

/*Data for the table `propietario` */

insert  into `propietario`(`ciudad`,`direccion`,`ocupacion`,`ID`) values ('13001','CARACOLES','DOCENTE',6);

/*Table structure for table `revision` */

DROP TABLE IF EXISTS `revision`;

CREATE TABLE `revision` (
  `id` bigint(20) NOT NULL,
  `caracteristicas_id` bigint(20) DEFAULT NULL,
  `entrega_id` bigint(20) DEFAULT NULL,
  PRIMARY KEY (`id`),
  KEY `FKF44F1BFB3347339C` (`entrega_id`),
  KEY `FKF44F1BFBD35C700B` (`caracteristicas_id`),
  CONSTRAINT `FKF44F1BFB3347339C` FOREIGN KEY (`entrega_id`) REFERENCES `entrega` (`id`),
  CONSTRAINT `FKF44F1BFBD35C700B` FOREIGN KEY (`caracteristicas_id`) REFERENCES `caracteristicasauto` (`id`)
) ENGINE=InnoDB DEFAULT CHARSET=latin1;

/*Data for the table `revision` */

/*Table structure for table `servicio` */

DROP TABLE IF EXISTS `servicio`;

CREATE TABLE `servicio` (
  `id` bigint(20) NOT NULL AUTO_INCREMENT,
  `descripcion` varchar(255) DEFAULT NULL,
  `duracionPromedio` varchar(20) DEFAULT NULL,
  `estado` bit(1) NOT NULL,
  `nombre` varchar(255) DEFAULT NULL,
  `precio` double NOT NULL,
  `programable` bit(1) NOT NULL,
  `lavadero_ID` bigint(20) DEFAULT NULL,
  PRIMARY KEY (`id`),
  KEY `FK560F74F61551EC58` (`lavadero_ID`),
  CONSTRAINT `FK560F74F61551EC58` FOREIGN KEY (`lavadero_ID`) REFERENCES `lavadero` (`ID`)
) ENGINE=InnoDB AUTO_INCREMENT=5 DEFAULT CHARSET=latin1;

/*Data for the table `servicio` */

insert  into `servicio`(`id`,`descripcion`,`duracionPromedio`,`estado`,`nombre`,`precio`,`programable`,`lavadero_ID`) values (1,'lavado de interior y exterior del automovil, incluye lavado de la parte inferior','45','','Lavado general',10000,'',1),(2,'Lavado en seco del motor, incluye lavado general','120','','Lavado Motor',12000,'',1),(3,'engrasado de la parte inferior del automóvil, para protección de oxido.','120','','Grafitado',15000,'',1),(4,'engrasado de la parte inferior del automóvil, para protección de oxido.','120','','Grafitado',15000,'',1);

/*Table structure for table `servicioslavado` */

DROP TABLE IF EXISTS `servicioslavado`;

CREATE TABLE `servicioslavado` (
  `id` bigint(20) NOT NULL,
  `estadoEjecucion` varchar(255) DEFAULT NULL,
  `lavado_id` bigint(20) DEFAULT NULL,
  `servicio_id` bigint(20) DEFAULT NULL,
  PRIMARY KEY (`id`),
  KEY `FKB0721C08319654B8` (`lavado_id`),
  KEY `FKB0721C08D6CE1958` (`servicio_id`),
  CONSTRAINT `FKB0721C08319654B8` FOREIGN KEY (`lavado_id`) REFERENCES `lavado` (`id`),
  CONSTRAINT `FKB0721C08D6CE1958` FOREIGN KEY (`servicio_id`) REFERENCES `servicio` (`id`)
) ENGINE=InnoDB DEFAULT CHARSET=latin1;

/*Data for the table `servicioslavado` */

/*Table structure for table `serviciosprogramados` */

DROP TABLE IF EXISTS `serviciosprogramados`;

CREATE TABLE `serviciosprogramados` (
  `id` bigint(20) NOT NULL,
  `estado` bit(1) NOT NULL,
  `estadoConfirmacion` bit(1) NOT NULL,
  `programacion_id` bigint(20) DEFAULT NULL,
  `servicio_id` bigint(20) DEFAULT NULL,
  PRIMARY KEY (`id`),
  KEY `FK5CE27F4ED6CE1958` (`servicio_id`),
  KEY `FK5CE27F4E4A5516D8` (`programacion_id`),
  CONSTRAINT `FK5CE27F4E4A5516D8` FOREIGN KEY (`programacion_id`) REFERENCES `programacion` (`id`),
  CONSTRAINT `FK5CE27F4ED6CE1958` FOREIGN KEY (`servicio_id`) REFERENCES `servicio` (`id`)
) ENGINE=InnoDB DEFAULT CHARSET=latin1;

/*Data for the table `serviciosprogramados` */

/*Table structure for table `tipoautomovil` */

DROP TABLE IF EXISTS `tipoautomovil`;

CREATE TABLE `tipoautomovil` (
  `id` bigint(20) NOT NULL,
  `nombre` varchar(255) DEFAULT NULL,
  PRIMARY KEY (`id`)
) ENGINE=InnoDB DEFAULT CHARSET=latin1;

/*Data for the table `tipoautomovil` */

insert  into `tipoautomovil`(`id`,`nombre`) values (1,'SEDAN'),(2,'VAGONETA'),(3,'HARDTOP'),(4,'COUPE'),(5,'DESCAPOTABLE'),(6,'HATCHBACK'),(7,'VAN'),(8,'LIMUSINA'),(9,'CAMIONETILLA'),(10,'PICK - UP'),(11,'CAMION'),(12,'DEPORTIVO'),(13,'FURGON'),(14,'FURGONETA'),(15,'COLECTIVO'),(16,'CASA - RODANTE'),(17,'CROSSOVER'),(18,'CAMIONETA - PASAJEROS');

/*Table structure for table `tipocubiculo` */

DROP TABLE IF EXISTS `tipocubiculo`;

CREATE TABLE `tipocubiculo` (
  `id` bigint(20) NOT NULL AUTO_INCREMENT,
  `descripcion` varchar(255) DEFAULT NULL,
  PRIMARY KEY (`id`)
) ENGINE=InnoDB AUTO_INCREMENT=9 DEFAULT CHARSET=latin1;

/*Data for the table `tipocubiculo` */

insert  into `tipocubiculo`(`id`,`descripcion`) values (1,'Rampa Metalica'),(2,'Rampa Tradicional'),(3,'Con gato Hidraulico'),(4,'Con gato Hidraulico 4 Patas'),(5,'Con gato Hidraulico 2 Patas'),(6,'Con gato Hidraulico 4 Patas y Rampa Metalica'),(7,'Tradicional'),(8,'Con Subnivel');

/*Table structure for table `tiposervicio` */

DROP TABLE IF EXISTS `tiposervicio`;

CREATE TABLE `tiposervicio` (
  `id` bigint(20) NOT NULL,
  `descripcion` varchar(255) DEFAULT NULL,
  PRIMARY KEY (`id`)
) ENGINE=InnoDB DEFAULT CHARSET=latin1;

/*Data for the table `tiposervicio` */

insert  into `tiposervicio`(`id`,`descripcion`) values (1,'Publico'),(2,'Privado');

/*Table structure for table `usuario` */

DROP TABLE IF EXISTS `usuario`;

CREATE TABLE `usuario` (
  `ID` bigint(20) NOT NULL AUTO_INCREMENT,
  `email` varchar(255) DEFAULT NULL,
  `estado` bit(1) NOT NULL,
  `login` varchar(255) DEFAULT NULL,
  `password` varchar(255) DEFAULT NULL,
  `perfil` varchar(255) DEFAULT NULL,
  PRIMARY KEY (`ID`)
) ENGINE=InnoDB AUTO_INCREMENT=14 DEFAULT CHARSET=latin1;

/*Data for the table `usuario` */

insert  into `usuario`(`ID`,`email`,`estado`,`login`,`password`,`perfil`) values (1,'juanm@gmail.com','','juanm','juanm','Administrador'),(6,'jcmm80@yahoo.com','\0','jcmm','9911','Cliente'),(9,'xxxxxxxxxxx','','1234','1234','Lavador'),(10,'xxxxxxxxxxx','','jaime','jaime','Lavador'),(11,'xxxxxxxxxxx','','maza','maza','Lavador'),(12,'miguelg@gmail.com','','miguel','miguel','Lavador'),(13,'luigicalo2@hotmail.cm','','luigie','luigie','Administrador');

/*!40101 SET SQL_MODE=@OLD_SQL_MODE */;
/*!40014 SET FOREIGN_KEY_CHECKS=@OLD_FOREIGN_KEY_CHECKS */;
